Series,smiles,activity,DATE
SFK52,CNS(=O)(=O)c1ccc(cc1)-c1cnc2ccc(nn12)-c1cccc(c1)S(=O)(=O)C,0.0577,2021/07/11
SFK52,CNS(=O)(=O)c1ccc(cc1)-c1cnc2ccc(nn12)-c1cccc(c1)S(=O)(=O)C,0.0957,2021/07/13
SFK52,CC(=O)c1ccc(cc1)-c1cnc2ccc(nn12)-c1cccc(c1)S(=O)(=O)C,0.137,2021/05/07
SFK52,CC(=O)c1ccc(cc1)-c1cnc2ccc(nn12)-c1cccc(c1)S(=O)(=O)C,0.163,2021/05/10
SFK52,Cc1ccc(cc1)-c1cnc2ccc(nn12)-c1cccc(c1)S(=O)(=O)C,30,2021/05/24
SFK52,Cc1ccc(cc1)-c1cnc2ccc(nn12)-c1cccc(c1)S(=O)(=O)C,30,2021/05/24
SFK52,CS(=O)(=O)c1cccc(c1)-c1ccc2ncc(n2n1)-c1ccc(cc1)C(=O)NC1CC1,1.68,2021/05/24
SFK52,CS(=O)(=O)c1cccc(c1)-c1ccc2ncc(n2n1)-c1ccc(cc1)C(=O)NC1CC1,1.13,2021/05/24
SFK52,CS(=O)(=O)c1cccc(c1)-c1ccc2ncc(n2n1)-c1ccc(cc1)C(=O)NC1CC1,0.62,2021/07/11
,CS(=O)(=O)c1cccc(c1)-c1ccc2ncc(n2n1)-c1ccc(cc1)C(=O)NC1CC1,0.489,2021/07/13
SFK52,CS(=O)(=O)c1cccc(c1)-c1ccc2ncc(n2n1)-c1ccc(cc1)S(=O)(=O)N,10,2021/07/13
SFK52,CS(=O)(=O)c1cccc(c1)-c1ccc2ncc(n2n1)-c1ccc(cc1)S(=O)(=O)N,0.662,2021/11/15
SFK52,CS(=O)(=O)c1cccc(c1)-c1ccc2ncc(n2n1)-c1ccc(cc1)S(=O)(=O)N,3.34,2021/11/17
,CS(=O)(=O)c1cccc(c1)-c1ccc2ncc(n2n1)-c1ccc(cc1)S(=O)(=O)N,4.9,2021/11/17
,CS(=O)(=O)c1cccc(c1)-c1ccc2ncc(n2n1)-c1ccc(cc1)S(=O)(=O)N,1.54,2021/11/17
,CS(=O)(=O)c1cccc(c1)-c1ccc2ncc(n2n1)-c1ccc(cc1)S(=O)(=O)N,0.576,2021/11/19
SFK52,CN1CCN(CC1)C(=O)c1cccc(c1)-c1ccc2ncc(n2n1)-c1ccc(cc1)S(=O)(=O)C,0.215,2019/09/13
SFK52,CN1CCN(CC1)C(=O)c1cccc(c1)-c1ccc2ncc(n2n1)-c1ccc(cc1)S(=O)(=O)C,0.369,2019/06/15
SFK52,CS(=O)(=O)c1ccc(cc1)-c1cnc2ccc(nn12)-c1cccc(c1)S(=O)(=O)NC1CC1,0.0151,2021/05/07
SFK52,CS(=O)(=O)c1ccc(cc1)-c1cnc2ccc(nn12)-c1cccc(c1)S(=O)(=O)NC1CC1,0.0171,2021/05/07
SFK52,CS(=O)(=O)c1ccc(cc1)-c1cnc2ccc(nn12)-c1cccc(c1)NS(=O)(=O)C1CC1,10,2022/09/29
SFK52,CS(=O)(=O)c1ccc(cc1)-c1cnc2ccc(nn12)-c1cccc(c1)NS(=O)(=O)C1CC1,10,2022/12/08
SFK52,CS(=O)(=O)c1ccc(cc1)-c1cnc2ccc(nn12)-c1cccc(c1)C(=O)N1CCNCC1,6.05,2021/10/03
SFK52,CS(=O)(=O)c1ccc(cc1)-c1cnc2ccc(nn12)-c1cccc(c1)C(=O)N1CCNCC1,0.0436,2021/10/03
SFK52,CS(=O)(=O)c1ccc(cc1)-c1cnc2ccc(nn12)-c1cccc(c1)C(=O)N1CCNCC1,0.0971,2022/05/09
SFK52,CS(=O)(=O)c1ccc(cc1)-c1cnc2ccc(nn12)-c1cccc(c1)C(=O)N1CCNCC1,0.0653,2022/08/19
SFK52,CS(=O)(=O)c1ccc(cc1)-c1cnc2ccc(nn12)-c1cccc(c1)C(=O)N1CCCCC1,0.528,2019/09/13
SFK52,CS(=O)(=O)c1ccc(cc1)-c1cnc2ccc(nn12)-c1cccc(c1)C(=O)N1CCCCC1,0.336,2019/09/15
SFK57,CS(=O)(=O)c1ccc(cc1)-c1nnc2ccc(cn12)-c1cccc(c1)S(=O)(=O)NC1CC1,30,2021/05/24
SFK57,CS(=O)(=O)c1ccc(cc1)-c1nnc2ccc(cn12)-c1cccc(c1)S(=O)(=O)NC1CC1,30,2021/05/24
SFK52,COc1ccc(cc1OC)-c1cnc2ccc(nn12)-c1cccnc1,0.577,2022/07/13
SFK52,COc1ccc(cc1OC)-c1cnc2ccc(nn12)-c1cccnc1,0.0584,2022/07/13
SFK52,COc1ccc(cc1OC)-c1cnc2ccc(nn12)-c1cccnc1,0.792,2022/08/19
SFK52,CS(=O)(=O)c1cccc(c1)-c1ccc2ncc(n2n1)-c1ccncc1,0.0054,2022/07/13
SFK52,CS(=O)(=O)c1cccc(c1)-c1ccc2ncc(n2n1)-c1ccncc1,0.241,2022/07/13
SFK52,CS(=O)(=O)c1cccc(c1)-c1ccc2ncc(n2n1)-c1ccncc1,0.167,2022/08/19
SFK52,CS(=O)(=O)c1ccc(cc1)-c1cnc2ccc(nn12)-c1cccc(c1)C(=O)NCCO,0.19,2021/05/07
SFK52,CS(=O)(=O)c1ccc(cc1)-c1cnc2ccc(nn12)-c1cccc(c1)C(=O)NCCO,0.225,2021/05/07
SFK52,NCc1cccc(c1)-c1ccc2ncc(n2n1)-c1ccncc1,0.0435,2021/05/07
SFK52,NCc1cccc(c1)-c1ccc2ncc(n2n1)-c1ccncc1,0.042,2021/05/07
SFK52,NCc1cccc(c1)-c1ccc2ncc(n2n1)-c1ccncc1,0.0426,2023/03/02
SFK52,CS(=O)(=O)c1cccc(c1)-c1ccc2ncc(n2n1)-c1ccc(cc1)C(=O)N,0.0562,2021/05/07
SFK52,CS(=O)(=O)c1cccc(c1)-c1ccc2ncc(n2n1)-c1ccc(cc1)C(=O)N,0.116,2021/05/07
SFK52,CS(=O)(=O)c1ccc(cn1)-c1cnc2ccc(nn12)-c1cccc(c1)S(=O)(=O)C1CC1,0.00831,2021/05/24
SFK52,CS(=O)(=O)c1ccc(cn1)-c1cnc2ccc(nn12)-c1cccc(c1)S(=O)(=O)C1CC1,0.00757,2021/05/24
SFK52,CS(=O)(=O)c1ccc(cn1)-c1cnc2ccc(nn12)-c1cccc(c1)S(=O)(=O)C1CC1,0.000508,2022/09/25
SFK52,CS(=O)(=O)c1ccc(cc1)-c1cnn2ccc(nc12)-c1cccc(c1)S(=O)(=O)C1CC1,0.0667,2022/07/13
SFK52,CS(=O)(=O)c1ccc(cc1)-c1cnn2ccc(nc12)-c1cccc(c1)S(=O)(=O)C1CC1,0.00343,2022/07/13
SFK52,CS(=O)(=O)c1ccc(cc1)-c1cnn2ccc(nc12)-c1cccc(c1)S(=O)(=O)C1CC1,0.0213,2022/07/27
SFK52,CS(=O)(=O)c1ccc(cc1)-c1cnc2ccc(nn12)-c1cncc(c1)N,1.27,2021/05/14
SFK52,CS(=O)(=O)c1ccc(cc1)-c1cnc2ccc(nn12)-c1cncc(c1)N,0.661,2021/05/24
SFK52,CS(=O)(=O)c1ccc(cc1)-c1cnc2ccc(nn12)-c1cncc(c1)N,0.689,2021/05/24
SFK52,CS(=O)(=O)c1ccc(cc1)-c1cnn2ccc(cc12)-c1cccc(c1)S(=O)(=O)C,0.825,2022/07/13
SFK52,CS(=O)(=O)c1ccc(cc1)-c1cnn2ccc(cc12)-c1cccc(c1)S(=O)(=O)C,1.5,2022/07/13
SFK40,CS(=O)(=O)c1ccc(cc1)-c1cnc(c(c1)-c1ccc(nc1)C(F)(F)F)N,10,2022/09/29
SFK40,Nc1ncc(nc1-c1ccc(cc1)C(F)(F)F)-c1ccc(cc1)C(=O)N1CCNCC1,10,2022/08/21
SFK40,Nc1ncc(nc1-c1ccc(cc1)C(F)(F)F)-c1ccc(cc1)C(=O)N1CCNCC1,10,2022/08/23
SFK52,CS(=O)(=O)c1ccc(cc1)-c1cnc2ccc(nn12)-c1cccc(c1)S(=O)(=O)C,0.119,2019/07/01
SFK52,CS(=O)(=O)c1ccc(cc1)-c1cnc2ccc(nn12)-c1cccc(c1)S(=O)(=O)C,1.76,2022/05/09
SFK52,CS(=O)(=O)c1ccc(cc1)-c1cnc2ccc(nn12)-c1cccc(c1)S(=O)(=O)C,1.47,2022/07/13
SFK52,CS(=O)(=O)c1ccc(cc1)-c1cnc2ccc(nn12)-c1cccc(c1)S(=O)(=O)C,1.91,2023/03/02
SFK52,CS(=O)(=O)Nc1cccc(c1)-c1cnc2ccc(nn12)-c1cccc(c1)S(=O)(=O)C,0.331,2021/05/07
SFK52,CS(=O)(=O)Nc1cccc(c1)-c1cnc2ccc(nn12)-c1cccc(c1)S(=O)(=O)C,0.401,2021/05/10
SFK52,CS(=O)(=O)c1ccc(cc1)-c1cnc2ccc(nn12)-c1cccc(c1)C(=O)N,0.346,2021/05/24
SFK52,CS(=O)(=O)c1ccc(cc1)-c1cnc2ccc(nn12)-c1cccc(c1)C(=O)N,0.482,2021/05/24
SFK52,CS(=O)(=O)c1ccc(cc1)-c1cnc2ccc(nn12)-c1cccc(c1)C(F)(F)F,3.58,2022/07/13
SFK52,CS(=O)(=O)c1ccc(cc1)-c1cnc2ccc(nn12)-c1cccc(c1)C(F)(F)F,4.4,2022/07/13
SFK52,CS(=O)(=O)c1ccc(cc1)-c1cnc2ccc(nn12)-c1cccc(c1)C(F)(F)F,2.02,2022/07/27
SFK52,CS(=O)(=O)c1ccc(cc1)-c1cnc2ccc(nn12)-c1cccc(c1)S(=O)(=O)N,0.0895,2021/05/07
SFK52,CS(=O)(=O)c1ccc(cc1)-c1cnc2ccc(nn12)-c1cccc(c1)S(=O)(=O)N,0.114,2021/05/10
SFK52,CS(=O)(=O)c1cccc(c1)-c1ccc2ncc(n2n1)-c1cccc(c1)S(=O)(=O)C,0.0902,2022/07/13
SFK52,CS(=O)(=O)c1cccc(c1)-c1ccc2ncc(n2n1)-c1cccc(c1)S(=O)(=O)C,0.111,2022/07/13
SFK52,CS(=O)(=O)c1cccc(c1)-c1ccc2ncc(n2n1)-c1ccc(cc1)-c1nn[nH]n1,0.807,2021/05/07
SFK52,CS(=O)(=O)c1cccc(c1)-c1ccc2ncc(n2n1)-c1ccc(cc1)-c1nn[nH]n1,0.611,2021/05/10
SFK52,CS(=O)(=O)c1ccc(cc1)-c1cnc2ccc(nn12)-c1cccc(c1)S(=O)(=O)C1CC1,0.355,2022/07/13
SFK52,CS(=O)(=O)c1ccc(cc1)-c1cnc2ccc(nn12)-c1cccc(c1)S(=O)(=O)C1CC1,0.272,2022/07/27
SFK52,CS(=O)(=O)c1ccc(cc1)-c1cnc2ccc(nn12)-c1cccc(c1)S(=O)(=O)N1CCCC1,0.045,2021/05/24
SFK52,CS(=O)(=O)c1ccc(cc1)-c1cnc2ccc(nn12)-c1cccc(c1)S(=O)(=O)N1CCCC1,0.0601,2021/05/24
SFK52,CS(=O)(=O)c1ccc(cc1)-c1cnc2ccc(nn12)-c1cncc(c1)S(=O)(=O)C,30,2021/05/24
SFK52,CS(=O)(=O)c1cccc(c1)-c1ccc2ncc(n2n1)-c1ccc(nc1)S(=O)(=O)C,0.00645,2021/05/07
SFK52,CS(=O)(=O)c1cccc(c1)-c1ccc2ncc(n2n1)-c1ccc(nc1)S(=O)(=O)C,0.00664,2021/05/10
SFK52,CS(=O)(=O)c1cccc(c1)-c1ccc2ncc(n2n1)-c1ccc(cc1)S(=O)(=O)N1CCC1,0.116,2021/07/11
SFK52,CS(=O)(=O)c1cccc(c1)-c1ccc2ncc(n2n1)-c1ccc(cc1)S(=O)(=O)N1CCC1,0.377,2021/10/03
SFK52,CS(=O)(=O)c1cccc(c1)-c1ccc2ncc(n2n1)-c1ccc(cc1)S(=O)(=O)N1CCC1,3.77,2021/10/03
SFK52,CS(=O)(=O)c1cccc(c1)-c1ccc2ncc(n2n1)-c1ccc(cc1)S(=O)(=O)N1CCC1,0.226,2021/11/15
SFK52,CS(=O)(=O)c1cccc(c1)-c1ccc2ncc(n2n1)-c1ccc(cc1)S(=O)(=O)N1CCC1,1.6,2021/11/17
SFK52,CS(=O)(=O)c1cccc(c1)-c1ccc2ncc(n2n1)-c1ccc(cc1)S(=O)(=O)N1CCC1,2.9,2021/11/17
SFK52,CS(=O)(=O)c1cccc(c1)-c1ccc2ncc(n2n1)-c1ccc(cc1)S(=O)(=O)N1CCC1,1.75,2021/11/17
SFK52,CS(=O)(=O)c1cccc(c1)-c1ccc2ncc(n2n1)-c1ccc(cc1)S(=O)(=O)N1CCC1,0.835,2021/11/19
SFK52,CS(=O)(=O)c1cccc(c1)-c1ccc2ncc(n2n1)-c1ccc(cc1)S(=O)(=O)NCCO,0.491,2021/07/11
SFK52,CS(=O)(=O)c1cccc(c1)-c1ccc2ncc(n2n1)-c1ccc(cc1)S(=O)(=O)NCCO,1.2,2021/10/03
SFK52,CS(=O)(=O)c1cccc(c1)-c1ccc2ncc(n2n1)-c1ccc(cc1)S(=O)(=O)NCCO,0.807,2021/10/03
SFK52,CS(=O)(=O)c1cccc(c1)-c1ccc2ncc(n2n1)-c1ccc(cc1)S(=O)(=O)NCCO,1.84,2021/11/15
SFK52,CS(=O)(=O)c1cccc(c1)-c1ccc2ncc(n2n1)-c1ccc(cc1)S(=O)(=O)NCCO,5.06,2021/11/17
SFK52,CS(=O)(=O)c1cccc(c1)-c1ccc2ncc(n2n1)-c1ccc(cc1)S(=O)(=O)NCCO,4.2,2021/11/19
SFK52,Cn1cnc2cc(ccc12)-c1cnc2ccc(nn12)-c1cccc(c1)S(=O)(=O)C,0.87,2021/05/24
SFK52,Cn1cnc2cc(ccc12)-c1cnc2ccc(nn12)-c1cccc(c1)S(=O)(=O)C,1.1,2021/05/24
SFK52,Cn1ncc2cc(ccc12)-c1cnc2ccc(nn12)-c1cccc(c1)S(=O)(=O)C,0.0367,2021/05/07
SFK52,Cn1ncc2cc(ccc12)-c1cnc2ccc(nn12)-c1cccc(c1)S(=O)(=O)C,0.0274,2021/05/10
SFK52,CS(=O)c1ccc(cc1)-c1cnc2ccc(nn12)-c1cccc(c1)S(=O)C,2.33,2021/05/24
SFK52,CS(=O)c1ccc(cc1)-c1cnc2ccc(nn12)-c1cccc(c1)S(=O)C,4.09,2021/05/24
SFK52,CS(=O)(=O)c1ccc(cc1)-c1cnc2ccc(nn12)Nc1cccc(c1)S(=O)(=O)C,0.59,2021/05/14
SFK52,CS(=O)(=O)c1ccc(cc1)-c1cnc2ccc(nn12)Nc1cccc(c1)S(=O)(=O)C,0.0301,2021/05/24
SFK52,CS(=O)(=O)c1ccc(cc1)-c1cnc2ccc(nn12)Nc1cccc(c1)S(=O)(=O)C,0.0228,2021/05/24
SFK52,CS(=O)(=O)c1ccc(cc1)-c1cnc2ccc(nn12)Nc1cccc(c1)S(=O)(=O)C,0.0114,2023/03/02
SFK52,CS(=O)c1ccc(cc1)-c1cnc2ccc(nn12)-c1cccc(c1)S(=O)(=O)C1CC1,0.641,2021/05/14
SFK52,CS(=O)c1ccc(cc1)-c1cnc2ccc(nn12)-c1cccc(c1)S(=O)(=O)C1CC1,0.629,2021/05/24
SFK52,CS(=O)c1ccc(cc1)-c1cnc2ccc(nn12)-c1cccc(c1)S(=O)(=O)C1CC1,0.297,2021/05/31
SFK52,CS(=O)(=O)c1cccc(c1)-c1ccc2ncc(n2n1)-c1ccc(cc1)C(=O)O,0.457,2021/05/07
SFK52,CS(=O)(=O)c1cccc(c1)-c1ccc2ncc(n2n1)-c1ccc(cc1)C(=O)O,0.378,2021/05/10
SFK52,CS(=O)(=O)c1ccc(cc1)-c1cnc2ccc(nn12)-c1cccc(c1)S(=O)(=O)CCCN,1.3,2022/09/25
SFK52,CS(=O)(=O)c1ccc(cc1)-c1cnc2ccc(nn12)-c1cccc(c1)S(=O)(=O)CCCN,0.000509,2022/09/29
SFK52,CS(=O)(=O)c1ccc(cc1)-c1cnc2ccc(nn12)-c1cccc(c1)S(=O)(=O)CCCN,0.00785,2022/12/08
SFK52,CS(=O)(=O)c1ccc(cc1)-c1cnc2ccc(nn12)-c1cccc(c1)C(=O)N1CCC(O)CC1,0.145,2019/09/13
SFK52,CS(=O)(=O)c1ccc(cc1)-c1cnc2ccc(nn12)-c1cccc(c1)C(=O)N1CCC(O)CC1,0.22,2019/09/15
SFK52,CS(=O)(=O)c1ccc(cc1)-c1cnn2ccc(nc12)-c1cccc(c1)C(=O)N1CC(O)C1,0.358,2021/05/14
SFK52,CS(=O)(=O)c1ccc(cc1)-c1cnn2ccc(nc12)-c1cccc(c1)C(=O)N1CC(O)C1,0.129,2021/05/24
SFK52,CS(=O)(=O)c1ccc(cc1)-c1cnn2ccc(nc12)-c1cccc(c1)C(=O)N1CC(O)C1,0.148,2021/05/24
SFK52,CS(=O)(=O)c1ccc(cc1)-c1cnc2ccc(nn12)N,1.96,2021/10/03
SFK52,CS(=O)(=O)c1ccc(cc1)-c1cnc2ccc(nn12)N,0.917,2021/10/03
SFK40,Nc1ncc(nc1-c1ccc(cc1)C(F)(F)F)-c1ccc(cc1)C(=O)O,10,2022/09/29
SFK52,CS(=O)(=O)c1ccc(cc1)-c1cnn2ccc(cc12)-c1cccc(c1)S(=O)(=O)C1CC1,3.74,2022/07/13
SFK52,CS(=O)(=O)c1ccc(cc1)-c1cnn2ccc(cc12)-c1cccc(c1)S(=O)(=O)C1CC1,2.51,2022/07/13
SFK52,CS(=O)c1ccc(cc1)-c1cnn2ccc(cc12)-c1cccc(c1)S(=O)(=O)C1CC1,1.43,2021/05/24
SFK52,CS(=O)c1ccc(cc1)-c1cnn2ccc(cc12)-c1cccc(c1)S(=O)(=O)C1CC1,2.08,2021/05/24
SFK52,CS(=O)c1ccc(cc1)-c1cnn2ccc(cc12)-c1cccc(c1)S(=O)(=O)C1CC1,0.706,2021/05/31
SFK52,CS(=O)c1ccc(cc1)-c1cnc2ccc(nn12)-c1cccc(c1)C(=O)N1CCNCC1,2.29,2022/09/25
SFK52,CS(=O)c1ccc(cc1)-c1cnc2ccc(nn12)-c1cccc(c1)C(=O)N1CCNCC1,1.17,2022/09/29
SFK52,CS(=O)c1ccc(cc1)-c1cnc2ccc(nn12)-c1cccc(c1)C(=O)N1CCC(O)CC1,2.18,2021/10/03
SFK52,CS(=O)c1ccc(cc1)-c1cnc2ccc(nn12)-c1cccc(c1)C(=O)N1CCC(O)CC1,2.3,2021/10/03
Pyrazolopyrimidine,CC(C)n1nc(c2c(ncnc12)N)-c1ccc2oc(nc2c1)N,0.022,2018/10/11
Pyrazolopyrimidine,CC(C)n1nc(c2c(ncnc12)N)-c1ccc2oc(nc2c1)N,0.018,2019/08/23
Pyrazolopyrimidine,CC(C)n1nc(c2c(ncnc12)N)-c1ccc2oc(nc2c1)N,0.333,2019/08/23
Pyrazolopyrimidine,CC(C)n1nc(c2c(ncnc12)N)-c1ccc2oc(nc2c1)N,0.0526,2020/11/04
Pyrazolopyrimidine,CC(C)n1nc(c2c(ncnc12)N)-c1ccc2oc(nc2c1)N,0.0314,2020/11/11
Pyrazolopyrimidine,CC(C)n1nc(c2c(ncnc12)N)-c1ccc2oc(nc2c1)N,0.0362,2020/11/16
Pyrazolopyrimidine,CC(C)n1nc(c2c(ncnc12)N)-c1ccc2oc(nc2c1)N,0.0238,2021/04/20
Pyrazolopyrimidine,CC(C)n1nc(c2c(ncnc12)N)-c1ccc2oc(nc2c1)N,0.00679,2021/05/07
Pyrazolopyrimidine,CC(C)n1nc(c2c(ncnc12)N)-c1ccc2oc(nc2c1)N,0.0119,2021/05/07
Pyrazolopyrimidine,CC(C)n1nc(c2c(ncnc12)N)-c1ccc2oc(nc2c1)N,0.0145,2021/05/24
Pyrazolopyrimidine,CC(C)n1nc(c2c(ncnc12)N)-c1ccc2oc(nc2c1)N,0.0217,2021/05/24
Pyrazolopyrimidine,CC(C)n1nc(c2c(ncnc12)N)-c1ccc2oc(nc2c1)N,0.00603,2021/07/22
Pyrazolopyrimidine,CC(C)n1nc(c2c(ncnc12)N)-c1ccc2oc(nc2c1)N,0.017,2021/07/22
Pyrazolopyrimidine,CC(C)n1nc(c2c(ncnc12)N)-c1ccc2oc(nc2c1)N,0.0124,2021/11/15
Pyrazolopyrimidine,CC(C)n1nc(c2c(ncnc12)N)-c1ccc2oc(nc2c1)N,0.0493,2021/11/17
Pyrazolopyrimidine,CC(C)n1nc(c2c(ncnc12)N)-c1ccc2oc(nc2c1)N,0.0455,2021/11/17
Pyrazolopyrimidine,CC(C)n1nc(c2c(ncnc12)N)-c1ccc2oc(nc2c1)N,0.00186,2021/11/19
Pyrazolopyrimidine,CC(C)n1nc(c2c(ncnc12)N)-c1ccc2oc(nc2c1)N,0.00854,2022/08/27
Pyrazolopyrimidine,CC(C)n1nc(c2c(ncnc12)N)-c1ccc2oc(nc2c1)N,0.0164,2022/08/21
Pyrazolopyrimidine,CC(C)n1nc(c2c(ncnc12)N)-c1ccc2oc(nc2c1)N,0.0243,2022/08/23
Pyrazolopyrimidine,CC(C)n1nc(c2c(ncnc12)N)-c1ccc2oc(nc2c1)N,0.000508,2022/08/29
Pyrazolopyrimidine,CC(C)n1nc(c2c(ncnc12)N)-c1ccc2oc(nc2c1)N,0.0214,2023/01/12
Pyrazolopyrimidine,CC(C)n1nc(c2c(ncnc12)N)-c1ccc2oc(nc2c1)N,0.00141,2022/12/08
SFK52,CS(=O)c1ccc(cc1)-c1cnc2ccc(nn12)-c1cccc(c1)C(=O)N1CCCCC1,2.06,2021/10/03
SFK52,CS(=O)c1ccc(cc1)-c1cnc2ccc(nn12)-c1cccc(c1)C(=O)N1CCCCC1,0.964,2021/10/03
Pyrazolopyrimidine,Nc1nc2cc(ccc2o1)-c1nn(c2ncnc(c12)N)Cc1ccc(cc1)Cl,10,2019/07/09
Pyrazolopyrimidine,Nc1nc2cc(ccc2o1)-c1nn(c2ncnc(c12)N)Cc1ccc(cc1)Cl,0.377,2022/05/09
Pyrazolopyrimidine,Nc1nc2cc(ccc2o1)-c1nn(c2ncnc(c12)N)Cc1ccc(cc1)Cl,10,2022/07/13
Pyrazolopyrimidine,Nc1nc2cc(ccc2o1)-c1nn(c2ncnc(c12)N)Cc1ccc(cc1)Cl,10,2022/07/13
Pyrazolopyrimidine,Nc1nc2cc(ccc2o1)-c1nn(c2ncnc(c12)N)Cc1cccc(c1)Cl,2,2019/07/09
Pyrazolopyrimidine,Nc1nc2cc(ccc2o1)-c1nn(c2ncnc(c12)N)Cc1cccc(c1)Cl,3.2,2019/07/10
Pyrazolopyrimidine,Nc1nc2cc(ccc2o1)-c1nn(c2ncnc(c12)N)Cc1ccc(cc1)F,2,2019/07/09
Pyrazolopyrimidine,Nc1nc2cc(ccc2o1)-c1nn(c2ncnc(c12)N)Cc1ccc(cc1)F,1.6,2019/07/10
Pyrazolopyrimidine,Cc1cccc(c1)Cn1nc(c2c(ncnc12)N)-c1ccc2oc(nc2c1)N,0.56,2019/07/19
Pyrazolopyrimidine,Cc1cccc(c1)Cn1nc(c2c(ncnc12)N)-c1ccc2oc(nc2c1)N,0.7,2019/08/09
Pyrazolopyrimidine,Cc1ccc(cc1)Cn1nc(c2c(ncnc12)N)-c1ccc2oc(nc2c1)N,10,2019/07/09
Pyrazolopyrimidine,Cc1ccc(cc1)Cn1nc(c2c(ncnc12)N)-c1ccc2oc(nc2c1)N,10,2019/07/10
Pyrazolopyrimidine,Nc1nc2cc(ccc2o1)-c1nn(c2ncnc(c12)N)Cc1ccccc1,0.67,2019/07/11
Pyrazolopyrimidine,Nc1nc2cc(ccc2o1)-c1nn(c2ncnc(c12)N)Cc1ccccc1,0.37,2019/07/16
Pyrazolopyrimidine,Nc1nc2cc(ccc2o1)-c1nn(c2ncnc(c12)N)Cc1ccncc1,0.72,2019/07/11
Pyrazolopyrimidine,Nc1nc2cc(ccc2o1)-c1nn(c2ncnc(c12)N)Cc1ccncc1,0.25,2019/07/16
Pyrazolopyrimidine,Nc1nc2cc(ccc2o1)-c1nn(c2ncnc(c12)N)Cc1cccnc1,0.35,2019/07/11
Pyrazolopyrimidine,Nc1nc2cc(ccc2o1)-c1nn(c2ncnc(c12)N)Cc1cccnc1,0.35,2019/07/16
Pyrazolopyrimidine,NC(=O)c1ccc(cc1)Cn1nc(c2c(ncnc12)N)-c1ccc2oc(nc2c1)N,1.23,2019/07/12
Pyrazolopyrimidine,NC(=O)c1ccc(cc1)Cn1nc(c2c(ncnc12)N)-c1ccc2oc(nc2c1)N,0.334,2019/07/16
Pyrazolopyrimidine,NC(=O)c1ccc(cc1)Cn1nc(c2c(ncnc12)N)-c1ccc2oc(nc2c1)N,2.07,2022/05/09
Pyrazolopyrimidine,NC(=O)c1ccc(cc1)Cn1nc(c2c(ncnc12)N)-c1ccc2oc(nc2c1)N,1.53,2022/08/19
Pyrazolopyrimidine,Nc1nc2cc(ccc2o1)-c1nn(c2ncnc(c12)N)Cc1ccccc1F,0.12,2019/07/19
Pyrazolopyrimidine,Nc1nc2cc(ccc2o1)-c1nn(c2ncnc(c12)N)Cc1ccccc1F,0.08,2019/07/19
Pyrazolopyrimidine,Cc1ccccc1Cn1nc(c2c(ncnc12)N)-c1ccc2oc(nc2c1)N,0.26,2019/07/19
Pyrazolopyrimidine,Cc1ccccc1Cn1nc(c2c(ncnc12)N)-c1ccc2oc(nc2c1)N,0.19,2019/07/19
Pyrazolopyrimidine,Nc1nc2cc(ccc2o1)-c1nn(c2ncnc(c12)N)Cc1ccccc1C(F)(F)F,0.21,2019/07/19
Pyrazolopyrimidine,Nc1nc2cc(ccc2o1)-c1nn(c2ncnc(c12)N)Cc1ccccc1C(F)(F)F,0.25,2019/07/19
Pyrazolopyrimidine,Nc1nc2cc(ccc2o1)-c1nn(c2ncnc(c12)N)Cc1ccccc1Cl,0.28,2019/07/19
Pyrazolopyrimidine,Nc1nc2cc(ccc2o1)-c1nn(c2ncnc(c12)N)Cc1ccccc1Cl,0.36,2019/08/09
Pyrazolopyrimidine,Nc1nc2cc(ccc2o1)-c1nn(c2ncnc(c12)N)Cc1ccc(nc1)Cl,0.548,2021/04/19
Pyrazolopyrimidine,Nc1nc2cc(ccc2o1)-c1nn(c2ncnc(c12)N)Cc1ccc(nc1)Cl,0.559,2021/04/19
Pyrazolopyrimidine,Nc1nc2cc(ccc2o1)-c1nn(c2ncnc(c12)N)CC1CCCCC1,0.0739,2021/05/02
Pyrazolopyrimidine,Nc1nc2cc(ccc2o1)-c1nn(c2ncnc(c12)N)CC1CCCCC1,0.0497,2021/05/02
Pyrazolopyrimidine,NC(=O)c1cccc(c1)Cn1nc(c2c(ncnc12)N)-c1ccc2oc(nc2c1)N,0.195,2019/07/12
Pyrazolopyrimidine,NC(=O)c1cccc(c1)Cn1nc(c2c(ncnc12)N)-c1ccc2oc(nc2c1)N,0.063,2019/07/16
Pyrazolopyrimidine,Nc1nc2cc(ccc2o1)-c1nn(c2ncnc(c12)N)Cc1ccc(nc1)F,0.622,2021/04/19
Pyrazolopyrimidine,Nc1nc2cc(ccc2o1)-c1nn(c2ncnc(c12)N)Cc1ccc(nc1)F,0.624,2021/04/19
Pyrazolopyrimidine,Cc1ccc(cn1)Cn1nc(c2c(ncnc12)N)-c1ccc2oc(nc2c1)N,0.2,2019/07/19
Pyrazolopyrimidine,Cc1ccc(cn1)Cn1nc(c2c(ncnc12)N)-c1ccc2oc(nc2c1)N,0.29,2019/08/09
Pyrazolopyrimidine,Nc1nc2cc(ccc2o1)-c1nn(c2ncnc(c12)N)Cc1ccc(c(c1)C#N)F,0.746,2021/04/19
Pyrazolopyrimidine,Nc1nc2cc(ccc2o1)-c1nn(c2ncnc(c12)N)Cc1ccc(c(c1)C#N)F,0.779,2021/04/19
Pyrazolopyrimidine,COc1ccc(cc1OC)-c1ccc2ncc(n2n1)Nc1cccnc1OC,2,2019/06/18
Pyrazolopyrimidine,NC(=O)c1ccccc1Cn1nc(c2c(ncnc12)N)-c1ccc2oc(nc2c1)N,0.396,2019/07/12
Pyrazolopyrimidine,NC(=O)c1ccccc1Cn1nc(c2c(ncnc12)N)-c1ccc2oc(nc2c1)N,0.194,2019/07/16
Pyrazolopyrimidine,CNS(=O)(=O)c1ccc(cc1)Cn1nc(c2c(ncnc12)N)-c1ccc2oc(nc2c1)N,0.217,2021/02/18
Pyrazolopyrimidine,CNS(=O)(=O)c1ccc(cc1)Cn1nc(c2c(ncnc12)N)-c1ccc2oc(nc2c1)N,0.465,2022/05/09
Pyrazolopyrimidine,CNS(=O)(=O)c1ccc(cc1)Cn1nc(c2c(ncnc12)N)-c1ccc2oc(nc2c1)N,0.924,2022/08/19
Pyrazolopyrimidine,Nc1ccc(cc1)Cn1nc(c2c(ncnc12)N)-c1ccc2oc(nc2c1)N,0.0605,2021/04/19
Pyrazolopyrimidine,Nc1ccc(cc1)Cn1nc(c2c(ncnc12)N)-c1ccc2oc(nc2c1)N,0.045,2021/04/19
Pyrazolopyrimidine,Nc1cccc(c1)Cn1nc(c2c(ncnc12)N)-c1ccc2oc(nc2c1)N,0.14,2021/04/19
Pyrazolopyrimidine,Nc1cccc(c1)Cn1nc(c2c(ncnc12)N)-c1ccc2oc(nc2c1)N,0.0932,2021/05/02
Pyrazolopyrimidine,Nc1nc2cc(ccc2o1)-c1nn(c2ncnc(c12)N)Cc1ccnc(c1)Cl,0.978,2021/04/19
Pyrazolopyrimidine,Nc1nc2cc(ccc2o1)-c1nn(c2ncnc(c12)N)Cc1ccnc(c1)Cl,0.69,2021/04/19
Pyrazolopyrimidine,Nc1nc2cc(ccc2o1)-c1nn(c2ncnc(c12)N)Cc1ccnc(c1)F,0.794,2021/05/02
Pyrazolopyrimidine,Nc1nc2cc(ccc2o1)-c1nn(c2ncnc(c12)N)Cc1ccnc(c1)F,0.628,2021/05/02
Pyrazolopyrimidine,Cc1cncc(c1)Cn1nc(c2c(ncnc12)N)-c1ccc2oc(nc2c1)N,0.437,2021/04/19
Pyrazolopyrimidine,Cc1cncc(c1)Cn1nc(c2c(ncnc12)N)-c1ccc2oc(nc2c1)N,0.331,2021/04/19
Pyrazolopyrimidine,CN(C)c1cccc(c1)Cn1nc(c2c(ncnc12)N)-c1ccc2oc(nc2c1)N,0.179,2021/04/19
Pyrazolopyrimidine,CN(C)c1cccc(c1)Cn1nc(c2c(ncnc12)N)-c1ccc2oc(nc2c1)N,0.13,2021/05/02
Pyrazolopyrimidine,Nc1nc2cc(ccc2o1)-c1nn(c2ncnc(c12)N)Cc1ccc(cn1)Cl,0.336,2021/04/19
Pyrazolopyrimidine,Nc1nc2cc(ccc2o1)-c1nn(c2ncnc(c12)N)Cc1ccc(cn1)Cl,0.243,2021/04/19
Pyrazolopyrimidine,Cc1cc(ccn1)Cn1nc(c2c(ncnc12)N)-c1ccc2oc(nc2c1)N,1.01,2021/04/19
Pyrazolopyrimidine,Cc1cc(ccn1)Cn1nc(c2c(ncnc12)N)-c1ccc2oc(nc2c1)N,0.755,2021/04/19
Pyrazolopyrimidine,CN(C)S(=O)(=O)c1ccc(cc1)Cn1nc(c2c(ncnc12)N)-c1ccc2oc(nc2c1)N,0.544,2021/02/18
Pyrazolopyrimidine,CN(C)S(=O)(=O)c1ccc(cc1)Cn1nc(c2c(ncnc12)N)-c1ccc2oc(nc2c1)N,1.06,2021/03/17
Pandemic Response Box,COc1cc(c2c(c(cc(c2n1)NC(C)CCCN)OC)Oc1cccc(c1)C(F)(F)F)C,6.12,2021/05/31
Pandemic Response Box,COc1cc(c2c(c(cc(c2n1)NC(C)CCCN)OC)Oc1cccc(c1)C(F)(F)F)C,10,2022/09/25
Pandemic Response Box,CCc1nc(nc(c1C#CC(C)c1cc(cc(c1)-c1ccncc1)OC)N)N,1.88,2021/06/02
Pandemic Response Box,CCc1nc(nc(c1C#CC(C)c1cc(cc(c1)-c1ccncc1)OC)N)N,10,2022/09/25
Pandemic Response Box,CCc1nc(nc(c1C#CC(C)c1cc(cc(c1)-c1ccncc1)OC)N)N,10,2022/12/08
Pandemic Response Box,CN1CCN(CC1)Cc1ccc(cc1)C(=O)Nc1ccc(c(c1)Nc1nccc(n1)-c1cccnc1)C,2.3,2021/05/31
Pandemic Response Box,CN1CCN(CC1)Cc1ccc(cc1)C(=O)Nc1ccc(c(c1)Nc1nccc(n1)-c1cccnc1)C,6.83,2022/09/25
Pandemic Response Box,CN1CCN(CC1)Cc1ccc(cc1)C(=O)Nc1ccc(c(c1)Nc1nccc(n1)-c1cccnc1)C,9.26,2022/12/08
Pandemic Response Box,CN(C)CCCOc1ccc(cn1)-c1ccc2ncc3c(c2c1)N(C1CCOCC1)C(=O)N3C,10,2021/04/20
Pandemic Response Box,CN(C)CCCOc1ccc(cn1)-c1ccc2ncc3c(c2c1)N(C1CCOCC1)C(=O)N3C,10,2022/05/09
AZD0156,CN(C)CCCOc1ccc(cn1)-c1ccc2ncc3c(c2c1)N(C1CCOCC1)C(=O)N3C,10,2022/08/19
Pyrazolopyrimidine,CN(C)S(=O)(=O)c1cccc(c1)Cn1nc(c2c(ncnc12)N)-c1ccc2oc(nc2c1)N,0.174,2021/02/18
Pyrazolopyrimidine,CN(C)S(=O)(=O)c1cccc(c1)Cn1nc(c2c(ncnc12)N)-c1ccc2oc(nc2c1)N,0.187,2021/03/17
Pyrazolopyrimidine,CNS(=O)(=O)c1cccc(c1)Cn1nc(c2c(ncnc12)N)-c1ccc2oc(nc2c1)N,0.188,2021/02/18
Pyrazolopyrimidine,CNS(=O)(=O)c1cccc(c1)Cn1nc(c2c(ncnc12)N)-c1ccc2oc(nc2c1)N,0.261,2021/03/17
Pyrazolopyrimidine,Nc1nc2cc(ccc2o1)-c1nn(c2ncnc(c12)N)Cc1ccc(cc1)S(=O)(=O)N,0.334,2021/02/18
Pyrazolopyrimidine,Nc1nc2cc(ccc2o1)-c1nn(c2ncnc(c12)N)Cc1cccc(n1)F,0.186,2021/05/02
Pyrazolopyrimidine,Nc1nc2cc(ccc2o1)-c1nn(c2ncnc(c12)N)Cc1cccc(n1)F,0.186,2021/05/02
Pyrazolopyrimidine,Nc1nc2cc(ccc2o1)-c1nn(c2ncnc(c12)N)Cc1cccc(n1)C(F)(F)F,0.219,2021/04/19
Pyrazolopyrimidine,Nc1nc2cc(ccc2o1)-c1nn(c2ncnc(c12)N)Cc1cccc(n1)F,0.172,2021/04/19
Pyrazolopyrimidine,Nc1nc2cc(ccc2o1)-c1nn(c2ncnc(c12)N)CC1CCC(F)(F)CC1,0.302,2021/05/02
Pyrazolopyrimidine,Nc1nc2cc(ccc2o1)-c1nn(c2ncnc(c12)N)CC1CCC(F)(F)CC1,0.214,2021/05/02
Pyrazolopyrimidine,Nc1nc2cc(ccc2o1)-c1nn(c2ncnc(c12)N)Cc1cncc(c1)Cl,0.153,2021/04/19
Pyrazolopyrimidine,Nc1nc2cc(ccc2o1)-c1nn(c2ncnc(c12)N)Cc1cncc(c1)Cl,0.136,2021/04/19
PKGDEL966,CNC(=O)C1CN(C1)c1nc(nc(n1)N(CCO)Cc1ccccc1F)N1CCC(CCNC(=O)c2cc([nH]n2)-c2cccnc2)CC1,0.178,2019/08/26
,CNC(=O)C1CN(C1)c1nc(nc(n1)N(CCO)Cc1ccccc1F)N1CCC(CCNC(=O)c2cc([nH]n2)-c2cccnc2)CC1,1.65,2019/08/26
,CNC(=O)C1CN(C1)c1nc(nc(n1)N(CCO)Cc1ccccc1F)N1CCC(CCNC(=O)c2cc([nH]n2)-c2cccnc2)CC1,0.05,2019/09/03
,CNC(=O)C1CN(C1)c1nc(nc(n1)N(CCO)Cc1ccccc1F)N1CCC(CCNC(=O)c2cc([nH]n2)-c2cccnc2)CC1,0.058,2019/09/06
PKGDEL966,CNC(=O)c1cccc(c1)CNc1nc(nc(n1)N1CCC(CCNC(=O)c2cc([nH]n2)-c2cccnc2)CC1)NC,1.28,2019/08/30
PKGDEL966,CNC(=O)c1cccc(c1)CNc1nc(nc(n1)N1CCC(CCNC(=O)c2cc([nH]n2)-c2cccnc2)CC1)NC,8.93,2019/08/30
,CNC(=O)c1cccc(c1)CNc1nc(nc(n1)N1CCC(CCNC(=O)c2cc([nH]n2)-c2cccnc2)CC1)NC,0.103,2019/09/03
,CNC(=O)c1cccc(c1)CNc1nc(nc(n1)N1CCC(CCNC(=O)c2cc([nH]n2)-c2cccnc2)CC1)NC,0.047,2019/09/07
PKGDEL966,CNC(=O)C1CCCC(C1)Nc1nc(nc(n1)NC[C@H]1CC[C@@H](CC1)CNC(=O)c1ccc2cn[nH]c2c1)O,0.912,2019/08/26
PKGDEL966,CNC(=O)C1CCCC(C1)Nc1nc(nc(n1)NC[C@H]1CC[C@@H](CC1)CNC(=O)c1ccc2cn[nH]c2c1)O,4.92,2019/08/26
,CNC(=O)C1CCCC(C1)Nc1nc(nc(n1)NC[C@H]1CC[C@@H](CC1)CNC(=O)c1ccc2cn[nH]c2c1)O,0.302,2019/09/03
,CNC(=O)C1CCCC(C1)Nc1nc(nc(n1)NC[C@H]1CC[C@@H](CC1)CNC(=O)c1ccc2cn[nH]c2c1)O,0.065,2019/09/08
PKGDEL966,COc1cc(ccc1-c1nc2c(c(n1)N(C)C)CCN(C2)C(=O)CNC(=O)c1ccc(c(c1)Cl)Cl)C#N,0.624,2019/08/30
PKGDEL966,COc1cc(ccc1-c1nc2c(c(n1)N(C)C)CCN(C2)C(=O)CNC(=O)c1ccc(c(c1)Cl)Cl)C#N,8.05,2019/08/30
,COc1cc(ccc1-c1nc2c(c(n1)N(C)C)CCN(C2)C(=O)CNC(=O)c1ccc(c(c1)Cl)Cl)C#N,0.179,2019/09/03
,COc1cc(ccc1-c1nc2c(c(n1)N(C)C)CCN(C2)C(=O)CNC(=O)c1ccc(c(c1)Cl)Cl)C#N,0.02,2019/09/09
Imidazopyridine,CS(=O)(=O)c1ccc(cc1)-c1cnc2ccc(cn12)-c1cccc(c1)C(=O)N,10,2021/04/20
Imidazopyridine,CS(=O)(=O)c1ccc(cc1)-c1cnc2ccc(cn12)-c1cccc(c1)C(=O)N1CCC(O)CC1,4.14,2021/04/20
Imidazopyridine,CS(=O)(=O)c1ccc(cc1)-c1cnc2ccc(cn12)-c1cccc(c1)C(=O)N1CCC(O)CC1,5.81,2022/05/09
Imidazopyridine,CS(=O)(=O)c1ccc(cc1)-c1cnc2ccc(cn12)-c1cccc(c1)C(=O)N1CCC(O)CC1,4.43,2022/08/19
Imidazopyridine,CS(=O)c1ccc(cc1)-c1cnc2ccc(cn12)-c1cccc(c1)C(=O)N1CCOCC1,10,2021/04/20
Imidazopyridine,CS(=O)c1ccc(cc1)-c1cnc2ccc(cn12)-c1cccc(c1)C(=O)N1CCOCC1,10,2022/09/25
Imidazopyridine,CS(=O)c1ccc(cc1)-c1cnc2ccc(cn12)-c1cccc(c1)C(=O)N1CCCC1,10,2021/04/20
Imidazopyridine,CS(=O)c1ccc(cc1)-c1cnc2ccc(cn12)-c1cccc(c1)C(=O)N1CCCC1,10,2022/09/25
Imidazopyridine,CS(=O)c1ccc(cc1)-c1cnc2ccc(cn12)-c1cccc(c1)C(=O)N1CCCCC1,10,2021/04/20
Imidazopyridine,CS(=O)c1ccc(cc1)-c1cnc2ccc(cn12)-c1cccc(c1)C(=O)N1CCCCC1,10,2022/09/25
Imidazopyridine,CS(=O)(=O)c1ccc(cc1)-c1cnc2ccc(cn12)-c1cccc(c1)C(=O)O,10,2021/04/20
Imidazopyridine,CS(=O)(=O)c1ccc(cc1)-c1cnc2ccc(cn12)-c1cccc(c1)C(=O)O,10,2023/01/12
PATHBOX,COc1ccc(cn1)-c1cnc2ccc(nn12)NCc1ccc(cc1)S(=O)(=O)N,0.126,2021/07/11
PATHBOX,COc1ccc(cn1)-c1cnc2ccc(nn12)NCc1ccc(cc1)S(=O)(=O)N,0.0766,2021/07/13
PATHBOX,COc1ccc(cc1)-c1cncc2ccc(nc12)C(=O)NCCCn1ccnc1,0.144,2021/07/11
PATHBOX,COc1ccc(cc1)-c1cncc2ccc(nc12)C(=O)NCCCn1ccnc1,0.202,2021/07/13
PATHBOX,COc1ccc(cc1OC)-c1nn(c2ncnc(c12)N)C(C)C,0.027,2021/07/11
PATHBOX,COc1ccc(cc1OC)-c1nn(c2ncnc(c12)N)C(C)C,0.029,2021/07/13
JN-602,CNC(=O)c1nn(c-2c1C(C)(C)Cc1cnc(nc12)Nc1ccc(cc1)N1CCN(C)CC1)C,0.0534,2022/08/21
PATHBOX,CNC(=O)c1nn(c-2c1C(C)(C)Cc1cnc(nc12)Nc1ccc(cc1)N1CCN(C)CC1)C,0.0547,2022/08/23
PATHBOX,CCOc1ccc2cc(ccc2c1)-c1nn(c2ncnc(c12)N)CC1CCN(C)CC1,0.159,2022/08/21
Pyrazolopyrimidine,CCOc1ccc2cc(ccc2c1)-c1nn(c2ncnc(c12)N)CC1CCN(C)CC1,0.191,2022/08/23
PKGDEL966,CNc1ncnc(n1)N1CCC(CCNC(=O)c2cc([nH]n2)-c2cccnc2)CC1,1.19,2020/11/11
PKGDEL966,CNc1ncnc(n1)N1CCC(CCNC(=O)c2cc([nH]n2)-c2cccnc2)CC1,1.55,2020/11/16
PKGDEL966,CNC(=O)c1cccc(c1)CNc1ncnc(n1)N1CCC(CCNC(=O)c2cc([nH]n2)-c2cccnc2)CC1,1.59,2020/11/11
PKGDEL966,CNC(=O)c1cccc(c1)CNc1ncnc(n1)N1CCC(CCNC(=O)c2cc([nH]n2)-c2cccnc2)CC1,1.33,2020/11/16
KinoHits,Cc1cnc(nc1Nc1cccc(c1)S(=O)(=O)NC(C)(C)C)Nc1ccc(cc1)OCCN1CCCC1,0.195,2020/11/04
KinoHits,Cc1cnc(nc1Nc1cccc(c1)S(=O)(=O)NC(C)(C)C)Nc1ccc(cc1)OCCN1CCCC1,0.246,2020/11/11
PKGDEL966,OCCN(Cc1ccccc1F)c1ncnc(n1)N1CCC(CCNC(=O)c2cc([nH]n2)-c2cccnc2)CC1,0.248,2020/12/14
PKGDEL966,OCCN(Cc1ccccc1F)c1ncnc(n1)N1CCC(CCNC(=O)c2cc([nH]n2)-c2cccnc2)CC1,0.244,2020/12/14
PKGDEL966,CNC(=O)C1CN(C1)c1ncnc(n1)N1CCC(CCNC(=O)c2cc([nH]n2)-c2cccnc2)CC1,2.35,2020/12/14
PKGDEL966,CNC(=O)C1CN(C1)c1ncnc(n1)N1CCC(CCNC(=O)c2cc([nH]n2)-c2cccnc2)CC1,2.94,2020/12/14
PKGDEL966,O=C(NCCC1CCNCC1)c1cc([nH]n1)-c1ccccn1,30,2020/11/16
PKGDEL966,O=C(NCCC1CCNCC1)c1cc([nH]n1)-c1ccccn1,30,2020/12/14
PKGDEL966,O=C(NCCC1CCNCC1)c1cc([nH]n1)-c1ccncc1,3.67,2020/12/14
PKGDEL966,O=C(NCCC1CCNCC1)c1cc([nH]n1)-c1ccncc1,3.38,2020/12/14
PKGDEL966,NCCCCCNC(=O)c1cc([nH]n1)-c1cccnc1,30,2020/12/14
KCGS,CN(C)C/C=C/C(=O)Nc1cccc(c1)C(=O)Nc1ccc(c(c1)C)Nc1nccc(n1)-c1cccnc1,0.563,2021/07/22
KCGS,CN(C)C/C=C/C(=O)Nc1cccc(c1)C(=O)Nc1ccc(c(c1)C)Nc1nccc(n1)-c1cccnc1,0.993,2021/07/22
KCGS,CN(C)CCOc1ccc(cc1)-c1nc(c([nH]1)-c1ccncc1)-c1ccc/2c(c1)CC\C2=N\O,4.19,2021/07/22
KCGS,Nc1nccc(n1)-c1c(ncn1C1CCN(CC1)Cc1ccccc1)-c1ccc(cc1)F,0.851,2021/07/22
KCGS,Nc1nccc(n1)-c1c(ncn1C1CCN(CC1)Cc1ccccc1)-c1ccc(cc1)F,1.5,2021/07/22
KCGS,COc1ccc2[nH]c3c4[nH]c5ccc(cc5c4c4c(c3c2c1)C(=O)NC4=O)OC,0.064,2021/07/22
KCGS,CN(C)CCN(C)C(=O)c1cc(c(o1)-c1ccc(c(c1)O)Cl)-c1ccncc1,0.00207,2021/07/22
KCGS,CN(C)CCN(C)C(=O)c1cc(c(o1)-c1ccc(c(c1)O)Cl)-c1ccncc1,0.00544,2021/07/22
KCGS,Nc1ncnc2occ(c12)-c1ccc(cc1)NC(=O)Nc1cc(ccc1F)C(F)(F)F,10,2022/05/31
KCGS,Nc1ncnc2occ(c12)-c1ccc(cc1)NC(=O)Nc1cc(ccc1F)C(F)(F)F,10,2022/06/02
GSK-Compound 9,CN1CCN(CC1)c1cc(nc(n1)N)-c1ccncc1,10,2021/07/11
GSK-Compound 9,CN1CCN(CC1)c1cc(nc(n1)N)-c1ccncc1,10,2023/01/12
GSK-Compound 9,COc1cccc(c1)Nc1nc(cc(n1)-c1ccncc1)N1CCN(C)CC1,0.015,2021/07/11
GSK-Compound 9,COc1cccc(c1)Nc1nc(cc(n1)-c1ccncc1)N1CCN(C)CC1,0.0205,2021/07/13
SFK52,NC1CCN(CC1)C(=O)c1cccc(c1)-c1ccc2ncc(n2n1)-c1ccc(cc1)C(=O)N1CC(O)C1,1.6,2021/04/20
SFK52,NC1CCN(CC1)C(=O)c1cccc(c1)-c1ccc2ncc(n2n1)-c1ccc(cc1)C(=O)N1CC(O)C1,1.99,2021/07/22
SFK52,NC1CCN(CC1)C(=O)c1cccc(c1)-c1ccc2ncc(n2n1)-c1ccc(cc1)C(=O)N1CC(O)C1,1.59,2021/07/22
SFK52,CNC(=O)c1ccc(cc1)-c1cnc2ccc(nn12)-c1cccc(c1)C(=O)N1CCC(N)CC1,1.75,2021/04/20
SFK52,CNC(=O)c1ccc(cc1)-c1cnc2ccc(nn12)-c1cccc(c1)C(=O)N1CCC(N)CC1,1.61,2021/07/22
SFK52,CNC(=O)c1ccc(cc1)-c1cnc2ccc(nn12)-c1cccc(c1)C(=O)N1CCC(N)CC1,1.29,2021/07/22
SFK52,NC1CCN(CC1)C(=O)c1cccc(c1)-c1ccc2ncc(n2n1)-c1cccc(c1)C(=O)N1CC[C@H](O)C1,0.0657,2021/04/20
SFK52,NC1CCN(CC1)C(=O)c1cccc(c1)-c1ccc2ncc(n2n1)-c1cccc(c1)C(=O)N1CC[C@H](O)C1,0.038,2021/07/22
SFK52,NC1CCN(CC1)C(=O)c1cccc(c1)-c1ccc2ncc(n2n1)-c1cccc(c1)C(=O)N1CC[C@H](O)C1,0.039,2021/07/22
SFK52,NC1CCN(CC1)C(=O)c1cccc(c1)-c1ccc2ncc(n2n1)-c1cccc(c1)C(=O)N1CC(O)C1,1.19,2021/04/20
SFK52,NC1CCN(CC1)C(=O)c1cccc(c1)-c1ccc2ncc(n2n1)-c1cccc(c1)C(=O)N1CC(O)C1,1,2021/07/22
SFK52,NC1CCN(CC1)C(=O)c1cccc(c1)-c1ccc2ncc(n2n1)-c1cccc(c1)C(=O)N1CC(O)C1,0.918,2021/07/22
GSK-Compound 9,CN1CCN(CC1)c1cc(nc(n1)Nc1cccc(c1)S(=O)(=O)C)-c1ccnc(c1)NCC1CC1,2.75,2021/07/11
GSK-Compound 9,CN1CCN(CC1)c1cc(nc(n1)Nc1cccc(c1)S(=O)(=O)C)-c1ccnc(c1)NCC1CC1,4.64,2021/07/13
GSK-Compound 9,COc1cccc(c1)Nc1nc(cc(n1)-c1ccnc(c1)NCC1CC1)N1CCN(C)CC1,0.25,2021/07/11
GSK-Compound 9,COc1cccc(c1)Nc1nc(cc(n1)-c1ccnc(c1)NCC1CC1)N1CCN(C)CC1,0.31,2022/05/09
GSK-Compound 9,,0.612,2022/08/19
"Pyrimido[1,2-a]benzimidazole",FC(F)(F)c1ccc(cc1)C1=CC(=O)N2C(=N1)N(Cc1cccc(c1Cl)Cl)c1ccccc12,10,2021/07/22
"Pyrimido[1,2-a]benzimidazole",FC(F)(F)c1ccc(cc1)C1=CC(=O)N2C(=N1)N(Cc1cccc(c1Cl)Cl)c1ccccc12,10,2021/07/22
"Pyrimido[1,2-a]benzimidazole",Clc1cccc(c1Cl)CN1C2=NC(=CC(=O)N2c2ccccc21)c1ccc(cc1)C#N,10,2021/07/22
"Pyrimido[1,2-a]benzimidazole",Clc1cccc(c1Cl)CN1C2=NC(=CC(=O)N2c2ccccc21)c1ccc(cc1)C#N,10,2021/07/22
"Pyrimido[1,2-a]benzimidazole",Clc1cccc(c1Cl)CN1C2=NC(=CC(=O)N2c2ccccc21)N1CCOCC1,10,2021/07/22
"Pyrimido[1,2-a]benzimidazole",Clc1cccc(c1Cl)CN1C2=NC(=CC(=O)N2c2ccccc21)N1CCOCC1,10,2021/07/22
"Pyrimido[1,2-a]benzimidazole",Clc1cccc(c1Cl)CN1C2=NC(=CC(=O)N2c2ccccc21)Nc1ccc(cc1)C#N,10,2021/07/22
"Pyrimido[1,2-a]benzimidazole",Clc1cccc(c1Cl)CN1C2=NC(=CC(=O)N2c2ccccc21)Nc1ccc(cc1)C#N,10,2021/07/22
SFK50,NC1CCN(CC1)C(=O)c1cccc(c1)-c1ccc2nnc(n2c1)-c1cccc(c1)C(=O)N1CC[C@@H](O)C1,10,2021/11/19
SFK50,NC1CCN(CC1)C(=O)c1cccc(c1)-c1ccc2nnc(n2c1)-c1cccc(c1)C(=O)N1CC[C@@H](O)C1,10,2021/11/19
SFK52,NC1CCN(CC1)C(=O)c1cccc(c1)-c1ccc2ncc(n2n1)-c1cccc(c1)C(=O)N1CCC(O)CC1,6.67,2021/11/19
SFK52,NC1CCN(CC1)C(=O)c1cccc(c1)-c1ccc2ncc(n2n1)-c1cccc(c1)C(=O)N1CCC(O)CC1,4.56,2021/11/19
SFK52,NC1CCN(CC1)C(=O)c1cccc(c1)-c1ccc2ncc(n2n1)-c1cccc(c1)C(=O)N1CCC(N)CC1,2.04,2021/11/19
SFK52,NC1CCN(CC1)C(=O)c1cccc(c1)-c1ccc2ncc(n2n1)-c1cccc(c1)C(=O)N1CCC(N)CC1,3.03,2021/11/19
NEU-01,COc1ccc(cn1)Nc1cnnc2cc(ccc12)-c1cccc(c1)N1CCOCC1,10,2022/05/31
NEU-01,COc1ccc(cn1)Nc1cnnc2cc(ccc12)-c1cccc(c1)N1CCOCC1,10,2022/06/02
NEU-01,COc1ccc(cc1)Nc1cnnc2cc(ccc12)N1CCCN(C)CC1,10,2022/04/07
NEU-01,COc1ccc(cc1)Nc1cnnc2cc(ccc12)N1CCCN(C)CC1,10,2022/04/26
MalDA,CN(C)Cc1ccc(cc1)-c1cc2c(ccnc2[nH]1)-c1ccc(cc1)CN(C)C,1.2,2021/10/03
MalDA,CN(C)Cc1ccc(cc1)-c1cc2c(ccnc2[nH]1)-c1ccc(cc1)CN(C)C,10,2021/10/03
MalDA,CCN(CC)Cc1cccc(c1OC)-c1cc2c(ccnc2[nH]1)-c1ccc(c(c1)C(C)C)C(=O)O,0.251,2021/10/03
MalDA,CCN(CC)Cc1cccc(c1OC)-c1cc2c(ccnc2[nH]1)-c1ccc(c(c1)C(C)C)C(=O)O,0.289,2021/10/03
NEU-01,C[C@@H]1COCCN1c1ncc(cn1)-c1ccc/2c(c1)N(C)C=C\C2=N/c1cnccn1,10,2022/04/07
NEU-01,C[C@@H]1COCCN1c1ncc(cn1)-c1ccc/2c(c1)N(C)C=C\C2=N/c1cnccn1,10,2022/04/26
NEU-01,C[C@H]1COCCN1c1ncc(cn1)-c1ccc/2c(c1)N(C)C=C\C2=N/c1cnccn1,10,2022/04/07
NEU-01,C[C@H]1COCCN1c1ncc(cn1)-c1ccc/2c(c1)N(C)C=C\C2=N/c1cnccn1,10,2022/04/26
NEU-01,CN1C=C/C(=N\c2cnccn2)c2ccc(cc21)-c1cnc(nc1)N1CCCN(CC1)C(=O)OC(C)(C)C,10,2022/04/07
NEU-01,CN1C=C/C(=N\c2cnccn2)c2ccc(cc21)-c1cnc(nc1)N1CCCN(CC1)C(=O)OC(C)(C)C,10,2022/04/26
NEU-01,CN1C=C/C(=N\c2cnccn2)c2ccc(cc21)-c1cnc(nc1)N1CCCNCC1,10,2022/04/07
NEU-01,CN1C=C/C(=N\c2cnccn2)c2ccc(cc21)-c1cnc(nc1)N1CCCNCC1,10,2022/04/26
VE-821/2,CS(=O)(=O)c1ccc(cc1)-c1cnc(c(n1)C(=O)NC1CCC(F)(F)CC1)N,10,2022/07/13
VE-821/2,CS(=O)(=O)c1ccc(cc1)-c1cnc(c(n1)C(=O)NC1CCC(F)(F)CC1)N,10,2022/07/27
VE-821/2,CS(=O)(=O)c1ccc(cc1)-c1cnc(c(n1)C(=O)NC1CCC(F)(F)CC1)N,10,2022/09/25
NEU-01,CN1CCCN(CC1)S(=O)(=O)c1ccc(cc1)-c1ccc2nncc(c2c1)Nc1ccc(cc1)OC(F)(F)F,10,2022/05/09
NEU-01,CN1CCCN(CC1)S(=O)(=O)c1ccc(cc1)-c1ccc2nncc(c2c1)Nc1ccc(cc1)OC(F)(F)F,10,2022/08/19
NEU-01,CN1CCCN(CC1)S(=O)(=O)c1ccc(cc1)-c1ccc2c(cnnc2c1)Nc1ccc(c(c1)Cl)OCc1cccc(c1)F,10,2022/05/09
NEU-01,CN1CCCN(CC1)S(=O)(=O)c1ccc(cc1)-c1ccc2c(cnnc2c1)Nc1ccc(c(c1)Cl)OCc1cccc(c1)F,10,2022/08/19
NEU-01,CN1CCN(CC1)S(=O)(=O)c1ccc(cc1)-c1ccc2c(cnnc2c1)Nc1ccc(nc1)C,10,2022/05/09
NEU-01,CN1CCN(CC1)S(=O)(=O)c1ccc(cc1)-c1ccc2c(cnnc2c1)Nc1ccc(nc1)C,10,2022/08/19
NEU-01,CN1CCCN(CC1)S(=O)(=O)c1ccc(cc1)-c1ccc2c(cnnc2c1)Nc1ncc(cn1)Cl,10,2022/05/09
NEU-01,CN1CCCN(CC1)S(=O)(=O)c1ccc(cc1)-c1ccc2c(cnnc2c1)Nc1ncc(cn1)Cl,10,2022/08/19
NEU-01,CN1CCCN(CC1)c1ncc(cn1)-c1ccc2c(cnnc2c1)Nc1ccc(nc1)C,10,2022/05/31
NEU-01,CN1CCCN(CC1)c1ncc(cn1)-c1ccc2c(cnnc2c1)Nc1ccc(nc1)C,10,2022/06/02
Ki8751,COc1cc2nccc(c2cc1OC)Oc1ccc(c(c1)F)NC(=O)Nc1ccc(c(c1)C(F)(F)F)CN1CCN(C)CC1,10,2022/05/31
Ki8751,COc1cc2nccc(c2cc1OC)Oc1ccc(c(c1)F)NC(=O)Nc1ccc(c(c1)C(F)(F)F)CN1CCN(C)CC1,10,2022/06/02
Ki8751,COc1cc2nccc(c2cc1OC)Oc1ccc(c(c1)F)NC(=O)Nc1ccc(cc1)C=C1CCNCC1,10,2022/05/31
Ki8751,COc1cc2nccc(c2cc1OC)Oc1ccc(c(c1)F)NC(=O)Nc1ccc(cc1)C=C1CCNCC1,10,2022/06/02
Ki8751,COc1cc2nccc(c2cc1OC)Oc1ccc(c(c1)F)NC(=O)Nc1ccc(cc1)CC1CCNCC1,10,2022/05/31
Ki8751,COc1cc2nccc(c2cc1OC)Oc1ccc(c(c1)F)NC(=O)Nc1ccc(cc1)CC1CCNCC1,10,2022/06/01
Ki8751,COc1cc2nccc(c2cc1OC)Oc1ccc(c(c1)F)NC(=O)Nc1ccc(c(c1)C(F)(F)F)OC1CCN(C)CC1,10,2022/05/31
Ki8751,COc1cc2nccc(c2cc1OC)Oc1ccc(c(c1)F)NC(=O)Nc1ccc(c(c1)C(F)(F)F)OC1CCN(C)CC1,10,2022/06/02
Ki8751,COc1cc2nccc(c2cc1OC)Oc1ccc(c(c1)F)NC(=O)Nc1ccc(c(c1)C(F)(F)F)CC1CCNCC1,10,2022/05/31
Ki8751,COc1cc2nccc(c2cc1OC)Oc1ccc(c(c1)F)NC(=O)Nc1ccc(c(c1)C(F)(F)F)CC1CCNCC1,10,2022/06/01
CZC-54252,COc1cc(ccc1Nc1ncc(c(n1)Nc1ccccc1NS(=O)(=O)C)Cl)N1CCOCC1,4.76,2022/05/31
CZC-54252,COc1cc(ccc1Nc1ncc(c(n1)Nc1ccccc1NS(=O)(=O)C)Cl)N1CCOCC1,10,2022/06/02
CZC-54252,COc1cc(ccc1Nc1ncc(c(n1)Nc1ccccc1NS(=O)(=O)C)Cl)N1CCOCC1,5.09,2023/01/12
CZC-54252,COc1cc(ccc1Nc1ncc(c(n1)Nc1ccccc1NS(=O)(=O)C)I)N1CCOCC1,0.706,2022/05/31
CZC-54252,COc1cc(ccc1Nc1ncc(c(n1)Nc1ccccc1NS(=O)(=O)C)I)N1CCOCC1,0.622,2022/06/02
CZC-54252,COc1cc(ccc1Nc1ncc(c(n1)Nc1ccccc1NS(=O)(=O)C)C(F)(F)F)N1CCOCC1,3.59,2022/05/31
CZC-54252,COc1cc(ccc1Nc1ncc(c(n1)Nc1ccccc1NS(=O)(=O)C)C(F)(F)F)N1CCOCC1,2.74,2022/06/01
CZC-54252,COc1cc(ccc1N1CCOCC1)Nc1ncc(c(n1)Nc1ccccc1NS(=O)(=O)C)Cl,1.47,2022/05/31
CZC-54252,COc1cc(ccc1N1CCOCC1)Nc1ncc(c(n1)Nc1ccccc1NS(=O)(=O)C)Cl,0.604,2022/06/02
Erlotinib,COCCOc1cc2ncnc(c2cc1OCCOC)Nc1cccc(c1)C#C,10,2022/05/31
Erlotinib,COCCOc1cc2ncnc(c2cc1OCCOC)Nc1cccc(c1)C#C,10,2022/06/01
IKK16,O=C(N1CCC(CC1)N1CCCC1)c1ccc(cc1)Nc1nccc(n1)-c1cc2ccccc2s1,1.18,2022/05/31
IKK16,O=C(N1CCC(CC1)N1CCCC1)c1ccc(cc1)Nc1nccc(n1)-c1cc2ccccc2s1,1.14,2022/06/02
IKK16,C1CCN(C1)C1CCN(CC1)Cc1ccc(cc1)Nc1nccc(n1)-c1cc2ccccc2s1,3.22,2022/05/31
IKK16,C1CCN(C1)C1CCN(CC1)Cc1ccc(cc1)Nc1nccc(n1)-c1cc2ccccc2s1,3.06,2022/06/01
IKK16,Cc1cc(nc(n1)Nc1ccc(cc1)C(=O)N1CCC(CC1)[NH+]1CCCC1)-c1cc2ccccc2s1,10,2022/05/31
IKK16,Cc1cc(nc(n1)Nc1ccc(cc1)C(=O)N1CCC(CC1)[NH+]1CCCC1)-c1cc2ccccc2s1,10,2022/06/01
IKK16,Clc1ccc(s1)-c1nc(ncc1Cl)Nc1ccc(cc1)C(=O)N1CCC(CC1)[NH+]1CCCC1,10,2022/05/31
IKK16,Clc1ccc(s1)-c1nc(ncc1Cl)Nc1ccc(cc1)C(=O)N1CCC(CC1)[NH+]1CCCC1,4.5,2022/06/01
IKK16,Cc1cnc(nc1-c1ccc(s1)Cl)Nc1ccc(cc1)C(=O)N1CCC(CC1)[NH+]1CCCC1,1.86,2022/05/31
IKK16,Cc1cnc(nc1-c1ccc(s1)Cl)Nc1ccc(cc1)C(=O)N1CCC(CC1)[NH+]1CCCC1,1.45,2022/06/02
IKK16,Clc1ccc(cc1Cl)-c1ccnc(n1)Nc1ccc(cc1)C(=O)N1CCC(CC1)N1CCCC1,10,2022/05/31
IKK16,Clc1ccc(cc1Cl)-c1ccnc(n1)Nc1ccc(cc1)C(=O)N1CCC(CC1)N1CCCC1,8.58,2022/06/02
NEU-03,C1CCN(CC1)Cc1cccc(c1)-c1ccc2ncnc(c2c1)Nc1cnccn1,10,2022/05/31
NEU-03,C1CCN(CC1)Cc1cccc(c1)-c1ccc2ncnc(c2c1)Nc1cnccn1,10,2022/06/02
UNC_Purine,CCn1cnc2c(nc(nc12)N[C@@H]1CCCC[C@@H]1N)Nc1cccc(c1)Cl,4.57,2022/05/31
UNC_Purine,CCn1cnc2c(nc(nc12)N[C@@H]1CCCC[C@@H]1N)Nc1cccc(c1)Cl,2.85,2022/06/02
UNC_Purine,[NH3+][C@H]1CC[C@@H](CC1)Nc1nc(c2[nH+]cn(c2n1)-c1ccccc1)Nc1ccc(cc1)C[NH+]1CCOCC1,0.306,2022/07/13
UNC_Purine,[NH3+][C@H]1CC[C@@H](CC1)Nc1nc(c2[nH+]cn(c2n1)-c1ccccc1)Nc1ccc(cc1)C[NH+]1CCOCC1,0.241,2022/07/11
UNC_Purine,[NH3+][C@@H]1CCCC[C@@H]1Nc1nc(c2[nH+]cn(c2n1)-c1ccccc1)Nc1cccc(c1)Cl,4.5,2022/05/31
UNC_Purine,[NH3+][C@@H]1CCCC[C@@H]1Nc1nc(c2[nH+]cn(c2n1)-c1ccccc1)Nc1cccc(c1)Cl,3.9,2022/06/01
PFE PKIS-18,CC(C)N1C(=O)Cc2ccc(cc21)Nc1ncc(c(n1)NCc1cccc(c1)Cl)C(F)(F)F,10,2022/05/31
PFE PKIS-18,CC(C)N1C(=O)Cc2ccc(cc21)Nc1ncc(c(n1)NCc1cccc(c1)Cl)C(F)(F)F,10,2022/06/01
TPCA-1,NC(=O)Nc1sc(cc1C(=O)N)-c1ccc(cc1)F,1.39,2022/05/31
TPCA-1,NC(=O)Nc1sc(cc1C(=O)N)-c1ccc(cc1)F,1.64,2022/06/01
SFK52,CS(=O)(=O)c1ccc(cc1)-c1cnc2ccc(nn12)-c1cccc(c1)F,0.511,2022/07/13
SFK52,CS(=O)(=O)c1ccc(cc1)-c1cnc2ccc(nn12)-c1cccc(c1)F,5.66,2022/07/27
SFK52,CS(=O)(=O)c1ccc(cc1)-c1cnc2ccc(nn12)-c1cccc(c1)F,3.94,2022/08/19
SFK52,CC(C)(C)OC(=O)N1CCC(=CC1)c1ccc2ncc(n2n1)-c1ccc(cc1)S(=O)(=O)C,10,2022/07/13
SFK52,CC(C)(C)OC(=O)N1CCC(=CC1)c1ccc2ncc(n2n1)-c1ccc(cc1)S(=O)(=O)C,10,2022/07/13
SFK52,COc1ccc(cc1)-c1ccc2ncc(n2n1)-c1ccc(cc1)S(=O)(=O)C,10,2022/07/13
SFK52,COc1ccc(cc1)-c1ccc2ncc(n2n1)-c1ccc(cc1)S(=O)(=O)C,10,2022/07/11
SFK52,CC(C)(C)OC(=O)NC1CCN(CC1)C(=O)c1cccc(c1)-c1ccc2ncc(n2n1)-c1ccc(cc1)S(=O)(=O)C,10,2022/07/13
SFK52,CC(C)(C)OC(=O)NC1CCN(CC1)C(=O)c1cccc(c1)-c1ccc2ncc(n2n1)-c1ccc(cc1)S(=O)(=O)C,10,2022/07/11
SFK52,COc1cccc(c1)-c1ccc2ncc(n2n1)-c1ccc(cc1)S(=O)(=O)C,10,2022/07/13
SFK52,COc1cccc(c1)-c1ccc2ncc(n2n1)-c1ccc(cc1)S(=O)(=O)C,10,2022/07/13
SFK52,COc1ccc(cc1)/C=C/c1ccc2ncc(n2n1)-c1ccc(cc1)S(=O)(=O)C,10,2022/07/13
SFK52,COc1ccc(cc1)/C=C/c1ccc2ncc(n2n1)-c1ccc(cc1)S(=O)(=O)C,10,2022/07/11
SFK52,CS(=O)(=O)c1ccc(cc1)-c1cnc2ccc(nn12)-c1ccccc1OC(F)(F)F,10,2022/07/13
SFK52,CS(=O)(=O)c1ccc(cc1)-c1cnc2ccc(nn12)-c1ccccc1OC(F)(F)F,10,2022/07/11
SFK52,Cc1cccc(c1)-c1ccc2ncc(n2n1)-c1ccc(cc1)S(=O)(=O)C,10,2022/07/13
SFK52,Cc1cccc(c1)-c1ccc2ncc(n2n1)-c1ccc(cc1)S(=O)(=O)C,10,2022/07/11
SFK52,CS(=O)(=O)c1ccc(cc1)-c1cnc2ccc(nn12)-c1ccncc1,10,2022/07/13
SFK52,CS(=O)(=O)c1ccc(cc1)-c1cnc2ccc(nn12)-c1ccncc1,10,2022/07/11
SFK52,CS(=O)(=O)Nc1ccc(cc1)-c1ccc2ncc(n2n1)-c1ccc(cc1)S(=O)(=O)C,0.889,2022/07/13
SFK52,CS(=O)(=O)Nc1ccc(cc1)-c1ccc2ncc(n2n1)-c1ccc(cc1)S(=O)(=O)C,1.05,2022/07/11
SFK52,CS(=O)(=O)c1ccc(cc1)-c1cnc2ccc(nn12)-c1ccc(cc1)OC(F)(F)F,10,2022/07/13
SFK52,CS(=O)(=O)c1ccc(cc1)-c1cnc2ccc(nn12)-c1ccc(cc1)OC(F)(F)F,10,2022/07/11
SFK52,CS(=O)(=O)c1ccc(cc1)-c1cnc2ccc(nn12)-c1ccsc1,5.15,2022/07/13
SFK52,CS(=O)(=O)c1ccc(cc1)-c1cnc2ccc(nn12)-c1ccsc1,4.92,2022/07/13
SFK52,COc1ccccc1-c1ccc2ncc(n2n1)-c1ccc(cc1)S(=O)(=O)C,10,2022/07/13
SFK52,COc1ccccc1-c1ccc2ncc(n2n1)-c1ccc(cc1)S(=O)(=O)C,10,2022/07/13
SFK52,CCOC(=O)c1ccccc1-c1ccc2ncc(n2n1)-c1ccc(cc1)S(=O)(=O)C,10,2022/07/13
SFK52,CCOC(=O)c1ccccc1-c1ccc2ncc(n2n1)-c1ccc(cc1)S(=O)(=O)C,10,2022/07/13
SFK52,CS(=O)(=O)c1ccc(cc1)-c1cnc2ccc(nn12)-c1cccs1,0.119,2022/07/13
SFK52,CS(=O)(=O)c1ccc(cc1)-c1cnc2ccc(nn12)-c1cccs1,2.23,2022/07/11
SFK52,CS(=O)(=O)c1ccc(cc1)-c1cnc2ccc(nn12)-c1cccs1,2.02,2022/07/27
JN-602,Cn1nc(c2c1-c1nc(ncc1CC2(C)C)N)C(=O)NC1CCCCC1,10,2022/09/14
JN-602,Cn1nc(c2c1-c1nc(ncc1CC2(C)C)N)C(=O)NC1CCCCC1,10,2022/09/15
JN-602,Cn1nc(c2c1-c1nc(ncc1CC2(C)C)N)C(=O)NC1CCCCC1,10,2022/09/15
Pyrazolopyrimidine,CC(C)n1nc(c2c(ncnc12)N)-c1cccnc1,3.7,2022/09/14
Pyrazolopyrimidine,CC(C)n1nc(c2c(ncnc12)N)-c1cccnc1,4.08,2022/09/15
Pyrazolopyrimidine,CC(C)n1nc(c2c(ncnc12)N)-c1cccnc1,3.38,2022/09/15
Pyrazolopyrimidine,CC(C)n1nc(c2c(ncnc12)N)-c1cnn(c1)C,1.51,2022/08/21
Pyrazolopyrimidine,CC(C)n1nc(c2c(ncnc12)N)-c1cnn(c1)C,1.63,2022/08/23
Pyrazolopyrimidine,CC(C)n1nc(c2c(ncnc12)N)-c1ccncc1,2.9,2022/08/21
Pyrazolopyrimidine,CC(C)n1nc(c2c(ncnc12)N)-c1ccncc1,4.73,2022/08/23
Pyrazolopyrimidine,CC(C)n1nc(c2c(ncnc12)N(C)C)-c1cnn(c1)C,10,2022/08/21
Pyrazolopyrimidine,CC(C)n1nc(c2c(ncnc12)N(C)C)-c1cnn(c1)C,10,2022/08/23
JN-602,CNC(=O)c1nn(c-2c1C(C)(C)Cc1cnc(nc12)Nc1cccc(c1)N1CCCCC1)C,0.282,2022/08/21
JN-602,CNC(=O)c1nn(c-2c1C(C)(C)Cc1cnc(nc12)Nc1cccc(c1)N1CCCCC1)C,0.443,2022/08/23
JN-602,Cn1nc(c2c1-c1nc(ncc1CC2(C)C)Nc1ccc(cc1)N1CCCCC1)C(=O)N1CCCC1,10,2022/08/21
JN-602,Cn1nc(c2c1-c1nc(ncc1CC2(C)C)Nc1ccc(cc1)N1CCCCC1)C(=O)N1CCCC1,10,2022/08/23
JN-602,Cn1nc(c2c1-c1nc(ncc1CC2(C)C)Nc1ccc(cc1)N1CCCCC1)C(=O)N1CCOCC1,10,2022/08/21
JN-602,Cn1nc(c2c1-c1nc(ncc1CC2(C)C)Nc1ccc(cc1)N1CCCCC1)C(=O)N1CCOCC1,10,2022/08/23
JN-602,CNC(=O)c1nn(c-2c1C(C)(C)Cc1cnc(nc12)Nc1ccc(cc1)C)C,0.216,2022/08/21
JN-602,CNC(=O)c1nn(c-2c1C(C)(C)Cc1cnc(nc12)Nc1ccc(cc1)C)C,0.266,2022/08/23
JN-602,CNC(=O)c1nn(c-2c1C(C)(C)Cc1cnc(nc12)NCc1ccc(cc1)OC)C,0.237,2022/08/21
JN-602,CNC(=O)c1nn(c-2c1C(C)(C)Cc1cnc(nc12)NCc1ccc(cc1)OC)C,0.245,2022/08/23
JN-602,Cn1nc(c2c1-c1nc(ncc1CC2(C)C)NC1CCCC1)C(=O)NC1CCCCC1,10,2022/08/21
JN-602,Cn1nc(c2c1-c1nc(ncc1CC2(C)C)NC1CCCC1)C(=O)NC1CCCCC1,10,2022/08/23
JN-602,Cn1nc(c2c1-c1nc(ncc1CC2(C)C)NCc1ccccc1)C(=O)NC1CCCCC1,10,2022/08/21
JN-602,Cn1nc(c2c1-c1nc(ncc1CC2(C)C)NCc1ccccc1)C(=O)NC1CCCCC1,10,2022/08/23
JN-602,CNC(=O)c1nn(c-2c1C(C)(C)Cc1cnc(nc12)Nc1ccc(cc1)N1CCCCC1)C,0.235,2022/08/21
JN-602,CNC(=O)c1nn(c-2c1C(C)(C)Cc1cnc(nc12)Nc1ccc(cc1)N1CCCCC1)C,0.381,2022/08/23
JN-602,COc1ccc(cc1)CNc1ncc2c(n1)-c1c(c(nn1C)C(=O)N1CCOCC1)C(C)(C)C2,10,2022/09/14
JN-602,COc1ccc(cc1)CNc1ncc2c(n1)-c1c(c(nn1C)C(=O)N1CCOCC1)C(C)(C)C2,10,2022/09/15
JN-602,COc1ccc(cc1)CNc1ncc2c(n1)-c1c(c(nn1C)C(=O)N1CCOCC1)C(C)(C)C2,10,2022/09/15
Pyrazolopyrimidine,COc1nc(c2c(nn(c2n1)C(C)C)-c1cccnc1)N,10,2022/09/14
Pyrazolopyrimidine,COc1nc(c2c(nn(c2n1)C(C)C)-c1cccnc1)N,10,2022/09/15
Pyrazolopyrimidine,COc1nc(c2c(nn(c2n1)C(C)C)-c1cccnc1)N,10,2022/09/15
SFK52,NCc1cccc(c1)-c1ccc2ncc(n2n1)-c1ccncc1,0.137,2023/03/20
SFK52,NCc1cccc(c1)-c1ccc2ncc(n2n1)-c1ccncc2,0.0555,2023/03/30
SFK52,CS(=O)(=O)c1ccc(cn1)-c1cnc2ccc(nn12)-c1cccc(c1)S(=O)(=O)C1CC1,0.00321,2023/08/05
SFK40,CS(=O)(=O)c1ccc(cc1)-c1cnc(c(c1)-c1ccc(nc1)C(F)(F)F)N,10,2023/04/04
SFK52,CS(=O)(=O)c1ccc(cc1)-c1cnc2ccc(nn12)-c1cccc(c1)S(=O)(=O)C,1.83,2023/03/20
SFK52,CS(=O)(=O)c1cccc(c1)-c1ccc2ncc(n2n1)-c1ccc(nc1)S(=O)(=O)C,0.000508,2023/04/03
SFK52,CS(=O)(=O)c1cccc(c1)-c1ccc2ncc(n2n1)-c1ccc(nc1)S(=O)(=O)C,0.000508,2023/04/04
SFK52,CS(=O)(=O)c1cccc(c1)-c1ccc2ncc(n2n1)-c1ccc(nc1)S(=O)(=O)C,0.00574,2023/04/04
SFK52,CS(=O)(=O)c1ccc(cc1)-c1cnc2ccc(nn12)Nc1cccc(c1)S(=O)(=O)C,0.0197,2023/08/05
SFK40,Nc1ncc(nc1-c1ccc(cc1)C(F)(F)F)-c1ccc(cc1)C(=O)O,10,2023/04/04
Pyrazolopyrimidine,Nc1nc2cc(ccc2o1)-c1nn(c2ncnc(c12)N)Cc1cccc(c1)C(F)(F)F,0.169,2023/04/03
Pyrazolopyrimidine,Nc1nc2cc(ccc2o1)-c1nn(c2ncnc(c12)N)Cc1cccc(c1)C(F)(F)F,0.131,2023/03/30
Pyrazolopyrimidine,Nc1nc2cc(ccc2o1)-c1nn(c2ncnc(c12)N)Cc1cccc(c1)F,2.7,2023/03/20
Pyrazolopyrimidine,Nc1nc2cc(ccc2o1)-c1nn(c2ncnc(c12)N)Cc1cccc(c1)F,3.69,2023/03/30
Pyrazolopyrimidine,Nc1nc2cc(ccc2o1)-c1nn(c2ncnc(c12)N)Cc1ccc(c(c1)F)Cl,0.285,2023/03/20
Pyrazolopyrimidine,Nc1nc2cc(ccc2o1)-c1nn(c2ncnc(c12)N)Cc1ccc(c(c1)F)Cl,0.153,2023/04/03
Pyrazolopyrimidine,Nc1nc2cc(ccc2o1)-c1nn(c2ncnc(c12)N)Cc1ccc(cc1F)F,0.0101,2023/04/04
Pyrazolopyrimidine,Nc1nc2cc(ccc2o1)-c1nn(c2ncnc(c12)N)Cc1ccc(cc1F)F,0.0846,2023/08/05
Pyrazolopyrimidine,Nc1nc2cc(ccc2o1)-c1nn(c2ncnc(c12)N)Cc1ccc(cc1F)F,0.0415,2023/08/05
Pyrazolopyrimidine,Nc1nc2cc(ccc2o1)-c1nn(c2ncnc(c12)N)Cc1cncc(c1)F,0.498,2023/04/04
Pyrazolopyrimidine,Nc1nc2cc(ccc2o1)-c1nn(c2ncnc(c12)N)Cc1cncc(c1)F,0.125,2023/08/05
KCGS,CCn1cc(c(n1)-c1ccc(cc1)NC(=O)N(C)C)-c1ccnc2[nH]c(cc12)-c1cccc(c1)CN(C)C,1.8,2023/08/05
KCGS,CCn1cc(c(n1)-c1ccc(cc1)NC(=O)N(C)C)-c1ccnc2[nH]c(cc12)-c1cccc(c1)CN(C)C,1.59,2023/08/05
Lyn-Marie Birkholtz,CCn1cc(c(n1)-c1ccc(cc1)NC(=O)N(C)C)-c1ccnc2[nH]c(cc12)-c1cccc(c1)CN(C)C,1.804,2023/08/05
Lyn-Marie Birkholtz,CCn1cc(c(n1)-c1ccc(cc1)NC(=O)N(C)C)-c1ccnc2[nH]c(cc12)-c1cccc(c1)CN(C)C,1.5887,2023/08/05
KCGS,COc1ccc(cn1)C1=Cc2c(nc(nc2N([C@H]2CC[C@@H](CC2)OCCO)C1=O)N)C,10,2023/04/03
KCGS,COc1ccc(cn1)C1=Cc2c(nc(nc2N([C@H]2CC[C@@H](CC2)OCCO)C1=O)N)C,10,2023/03/30
SILK,CN1CCN(CC1)c1cc(ccn1)C(=O)Nc1cc2cc(ccc2cn1)-c1cnn(c1)C,0.603,2023/03/20
SILK,CN1CCN(CC1)c1cc(ccn1)C(=O)Nc1cc2cc(ccc2cn1)-c1cnn(c1)C,0.787,2023/03/30
SILK,CN1CCN(CC1)C(=O)C(C)(C)c1ccc(cc1)C(=O)Nc1cn2cc(ccc2n1)-c1ccncc1,6.37,2023/06/27
SILK,CN1CCN(CC1)C(=O)C(C)(C)c1ccc(cc1)C(=O)Nc1cn2cc(ccc2n1)-c1ccncc2,5.53,2023/07/04
opnMe,COc1cc2nc(nc(c2cc1O[C@H]1CCOC1)N[C@H](C)c1cc(cc(c1)C(F)(F)F)N)C,10,2023/04/03
,COc1cc2nc(nc(c2cc1O[C@H]1CCOC1)N[C@H](C)c1cc(cc(c1)C(F)(F)F)N)C,10,2023/04/04
SFK52,COc1ccc(cc1)-c1ccn2ncc(c2c1)-c1ccc(nc1)S(=O)(=O)C,1.21,2023/07/13
,COc1ccc(cc1)-c1ccn2ncc(c2c1)-c1ccc(nc1)S(=O)(=O)C,3.21,2023/07/21
SFK52,COc1ccc(cc1)-c1ccc2ncc(n2c1)-c1ccc(nc1)S(=O)(=O)C,6.53,2023/07/13
,COc1ccc(cc1)-c1ccc2ncc(n2c1)-c1ccc(nc1)S(=O)(=O)C,7.29,2023/07/21
SFK52,COc1cccc(c1)-c1ccc2ncc(n2c1)-c1ccc(nc1)S(=O)(=O)C,10,2023/07/13
,COc1cccc(c1)-c1ccc2ncc(n2c1)-c1ccc(nc1)S(=O)(=O)C,10,2023/07/21
MLN0128,Nc1nc2cc(ccc2o1)-c1nn(c2ncnc(c12)N)Cc1cccc(c1)NC(=O)C=C,0.157,2023/04/03
MLN0128,Nc1nc2cc(ccc2o1)-c1nn(c2ncnc(c12)N)Cc1cccc(c1)NC(=O)C=C,0.358,2023/03/30
MLN0128,CCC(=O)Nc1ccc(cc1)Cn1nc(c2c(ncnc12)N)-c1ccc2oc(nc2c1)N,0.994,2023/04/03
MLN0128,CCC(=O)Nc1ccc(cc1)Cn1nc(c2c(ncnc12)N)-c1ccc2oc(nc2c1)N,2,2023/03/30
MLN0128,Nc1nc2cc(ccc2o1)-c1nn(c2ncnc(c12)N)Cc1cccc(c1)NC(=O)CCl,0.996,2023/04/03
MLN0128,Nc1nc2cc(ccc2o1)-c1nn(c2ncnc(c12)N)Cc1cccc(c1)NC(=O)CCl,0.523,2023/03/30
MLN0128,Nc1nc2cc(ccc2o1)-c1nn(c2ncnc(c12)N)Cc1ccc(cc1)NC(=O)CCl,1.69,2023/06/27
MLN0128,Nc1nc2cc(ccc2o1)-c1nn(c2ncnc(c12)N)Cc1ccc(cc1)NC(=O)CCl,1.19,2023/07/04
MMV_DHPC,Cn1cc(cn1)-c1ccc2[nH]c3c(c2c1)-c1cc(ncc1CC3)N,1.8514,2023/06/27
MMV_DHPC,Cn1cc(cn1)-c1ccc2[nH]c3c(c2c1)-c1cc(ncc1CC3)N,1.3521,2023/07/04
MMV_DHPC,Cn1cc(cn1)-c1ccc2[nH]c3c(c2c1)-c1ncncc1CC3,0.942,2023/06/27
MMV_DHPC,Cn1cc(cn1)-c1ccc2[nH]c3c(c2c1)-c1ncncc1CC3,0.5615,2023/07/04
MMV_DHPC,Cn1cc(cn1)-c1ccc2[nH]c3c(c2c1)-c1nc(ncc1CC3)N,1.9925,2023/06/27
MMV_DHPC,Cn1cc(cn1)-c1ccc2[nH]c3c(c2c1)-c1nc(ncc1CC3)N,1.3908,2023/07/04
VE-821/2,CC(C)S(=O)(=O)c1ccc(cc1)-c1cnc(c(n1)C(=O)Nc1ccccc1)N,10,2023/06/27
VE-821/2,CC(C)S(=O)(=O)c1ccc(cc1)-c1cnc(c(n1)C(=O)Nc1ccccc1)N,10,2023/07/04
VE-821/2,CC(C)S(=O)(=O)c1ccc(cc1)-c1cnc(c(n1)C(=O)Nc1ccccc1C(F)(F)F)N,10,2023/06/27
VE-821/2,CC(C)S(=O)(=O)c1ccc(cc1)-c1cnc(c(n1)C(=O)Nc1ccccc1C(F)(F)F)N,10,2023/07/04
VE-821/2,CC(C)S(=O)(=O)c1ccc(cc1)-c1cnc(c(n1)C(=O)Nc1ccccc1Cl)N,10,2023/06/27
VE-821/2,CC(C)S(=O)(=O)c1ccc(cc1)-c1cnc(c(n1)C(=O)Nc1ccccc1Cl)N,10,2023/07/04
VE-821/2,CC(C)S(=O)(=O)c1ccc(cc1)-c1cnc(c(n1)C(=O)NC1CCC(F)(F)CC1)N,10,2023/06/27
VE-821/2,CC(C)S(=O)(=O)c1ccc(cc1)-c1cnc(c(n1)C(=O)NC1CCC(F)(F)CC1)N,10,2023/07/04
MLN0128,Nc1nc2cc(ccc2o1)-c1nn(c2ncnc(c12)N)CC1CCN(CC1)C(=O)C=C,1.12,2023/06/27
MLN0128,Nc1nc2cc(ccc2o1)-c1nn(c2ncnc(c12)N)CC1CCN(CC1)C(=O)C=C,0.987,2023/07/04
MLN0128,CCC(=O)N1CCC(CC1)Cn1nc(c2c(ncnc12)N)-c1ccc2oc(nc2c1)N,3.04,2023/06/27
MLN0128,CCC(=O)N1CCC(CC1)Cn1nc(c2c(ncnc12)N)-c1ccc2oc(nc2c1)N,2.6,2023/07/04
MLN0128,CCC(=O)N1CCC(CC1)Cn1nc(c2c(ncnc12)N)-c1ccc2oc(nc2c1)N,2.78,2023/08/05
MLN0128,CCC(=O)N1CCC(CC1)Cn1nc(c2c(ncnc12)N)-c1ccc2oc(nc2c1)N,2.52,2023/08/05
MLN0128,Nc1nc2cc(ccc2o1)-c1nn(c2ncnc(c12)N)C1CCN(CC1)C(=O)C=C,0.315,2023/06/27
MLN0128,Nc1nc2cc(ccc2o1)-c1nn(c2ncnc(c12)N)C1CCN(CC1)C(=O)C=C,0.281,2023/07/04
MLN0128,Nc1nc2cc(ccc2o1)-c1nn(c2ncnc(c12)N)C1CN(C1)C(=O)C=C,1.63,2023/06/27
MLN0128,Nc1nc2cc(ccc2o1)-c1nn(c2ncnc(c12)N)C1CN(C1)C(=O)C=C,1.26,2023/07/04
MLN0128,Nc1nc2cc(ccc2o1)-c1nn(c2ncnc(c12)N)C1CN(C1)C(=O)C=C,1.61,2023/08/05
MLN0128,Nc1nc2cc(ccc2o1)-c1nn(c2ncnc(c12)N)C1CN(C1)C(=O)C=C,1.64,2023/08/05
MLN0128,CCC(=O)N1CC(C1)n1nc(c2c(ncnc12)N)-c1ccc2oc(nc2c1)N,1.15,2023/06/27
MLN0128,CCC(=O)N1CC(C1)n1nc(c2c(ncnc12)N)-c1ccc2oc(nc2c1)N,0.8,2023/07/04
MLN0128,CCC(=O)N1CC(C1)n1nc(c2c(ncnc12)N)-c1ccc2oc(nc2c1)N,0.882,2023/08/05
MLN0128,CCC(=O)N1CC(C1)n1nc(c2c(ncnc12)N)-c1ccc2oc(nc2c1)N,0.776,2023/08/05
Carolina Horta Andrade,CC(=O)c1cccc(c1)Nc1nc(c2ccccc2n1)NCCCO,6.1628,2023/07/18
Carolina Horta Andrade,CC(=O)c1cccc(c1)Nc1nc(c2ccccc2n1)NCCCO,7.6052,2023/07/18
Carolina Horta Andrade,CC(=O)Nc1ccc(cc1)Nc1nc(c2ccccc2n1)NCCCO,10,2023/07/18
Carolina Horta Andrade,CC(=O)Nc1ccc(cc1)Nc1nc(c2ccccc2n1)NCCCO,10,2023/07/18
Carolina Horta Andrade,CC(=O)Nc1ccc(cc1)Nc1nc(c2ccccc2n1)NCCO,10,2023/07/18
Carolina Horta Andrade,CC(=O)Nc1ccc(cc1)Nc1nc(c2ccccc2n1)NCCO,10,2023/07/18
Carolina Horta Andrade,CC(=O)c1ccc(cc1)Nc1nc(c2ccccc2n1)NCCCO,10,2023/07/18
Carolina Horta Andrade,CC(=O)c1ccc(cc1)Nc1nc(c2ccccc2n1)NCCCO,10,2023/07/18
Carolina Horta Andrade,CC(=O)Nc1cccc(c1)Nc1nc(c2ccccc2n1)NCCO,10,2023/07/18
Carolina Horta Andrade,CC(=O)Nc1cccc(c1)Nc1nc(c2ccccc2n1)NCCO,10,2023/08/05
Carolina Horta Andrade,CC(=O)Nc1cccc(c1)Nc1nc(c2ccccc2n1)NCCO,10,2023/08/05
Carolina Horta Andrade,NC(=O)c1ccc(cc1)Nc1nc(c2ccccc2n1)NCCCO,10,2023/07/18
Carolina Horta Andrade,NC(=O)c1ccc(cc1)Nc1nc(c2ccccc2n1)NCCCO,10,2023/07/18
Carolina Horta Andrade,NC(=O)c1ccc(cc1)Nc1nc(c2ccccc2n1)NCCO,10,2023/08/05
Carolina Horta Andrade,NC(=O)c1ccc(cc1)Nc1nc(c2ccccc2n1)NCCO,10,2023/08/05
Carolina Horta Andrade,OCCCNc1nc(nc2ccccc12)Nc1ccc(cc1)C(=O)O,10,2023/08/05
Carolina Horta Andrade,OCCCNc1nc(nc2ccccc12)Nc1ccc(cc1)C(=O)O,10,2023/08/05
Carolina Horta Andrade,CC(=O)Nc1cccc(c1)Nc1nc(c2ccccc2n1)NCCCO,10,2023/07/18
Carolina Horta Andrade,CC(=O)Nc1cccc(c1)Nc1nc(c2ccccc2n1)NCCCO,10,2023/07/18
Carolina Horta Andrade,CCNc1nc(cc(n1)Nc1ccc(cc1)NC(=O)Nc1cc(cc(c1)C)C)C,10,2023/07/18
Carolina Horta Andrade,CCNc1nc(cc(n1)Nc1ccc(cc1)NC(=O)Nc1cc(cc(c1)C)C)C,10,2023/07/18
Carolina Horta Andrade,CCNc1nc(cc(n1)Nc1ccc(cc1)NC(=O)Nc1ccccc1)C,10,2023/07/18
Carolina Horta Andrade,CCNc1nc(cc(n1)Nc1ccc(cc1)NC(=O)Nc1ccccc1)C,10,2023/07/18
Carolina Horta Andrade,CC(=O)Nc1ccc(cc1)Nc1cc(nc(n1)NC1CCCCC1)C,10,2023/07/18
Carolina Horta Andrade,CC(=O)Nc1ccc(cc1)Nc1cc(nc(n1)NC1CCCCC1)C,10,2023/07/18
Carolina Horta Andrade,CCNc1nc(cc(n1)Nc1ccc(cc1)NC(=O)Nc1ccc(cc1)C)C,10,2023/07/18
Carolina Horta Andrade,CCNc1nc(cc(n1)Nc1ccc(cc1)NC(=O)Nc1ccc(cc1)C)C,10,2023/07/18
Carolina Horta Andrade,CCNc1nc(cc(n1)Nc1ccc(cc1)NC(=O)Nc1cccc(c1)CC)C,10,2023/07/18
Carolina Horta Andrade,CCNc1nc(cc(n1)Nc1ccc(cc1)NC(=O)Nc1cccc(c1)CC)C,10,2023/07/18
Lyn-Marie Birkholtz,O=C(NC1CC1)Nc1cn[nH]c1-c1nc2ccc(cc2[nH]1)CN1CCOCC1,8.5417,2023/08/05
Lyn-Marie Birkholtz,O=C(NC1CC1)Nc1cn[nH]c1-c1nc2ccc(cc2[nH]1)CN1CCOCC1,10,2023/08/05
Lyn-Marie Birkholtz,CCN1CCN(CC1)C(=O)Cc1ccc(cc1)Nc1ncc(c(n1)Nc1ccc(cc1)C(=O)Nc1ccccc1Cl)F,1.5175,2023/08/05
Lyn-Marie Birkholtz,CCN1CCN(CC1)C(=O)Cc1ccc(cc1)Nc1ncc(c(n1)Nc1ccc(cc1)C(=O)Nc1ccccc1Cl)F,1.9462,2023/08/05
Lyn-Marie Birkholtz,FC(F)(F)c1cccc(c1)Nc1ccnc(n1)Nc1cccc(c1)NC(=O)C1CC1,2.6339,2023/08/05
Lyn-Marie Birkholtz,FC(F)(F)c1cccc(c1)Nc1ccnc(n1)Nc1cccc(c1)NC(=O)C1CC1,2.7287,2023/08/05
Lyn-Marie Birkholtz,CCN(CCO)CCCOc1ccc2c(ncnc2c1)Nc1cc(n[nH]1)CC(=O)Nc1cccc(c1)F,10,2023/08/05
Lyn-Marie Birkholtz,CCN(CCO)CCCOc1ccc2c(ncnc2c1)Nc1cc(n[nH]1)CC(=O)Nc1cccc(c1)F,10,2023/08/05
Lyn-Marie Birkholtz,COc1cc2c(ncnc2cc1OCCCN1CCOCC1)Nc1ccc(cc1)NC(=O)c1ccccc1,10,2023/08/05
Lyn-Marie Birkholtz,COc1cc2c(ncnc2cc1OCCCN1CCOCC1)Nc1ccc(cc1)NC(=O)c1ccccc1,10,2023/08/05
Alexios,CN(CC1)CCC1C2=NC(C3=CC=C(F)C(NS(C)(=O)=O)=C3)=C(C4=NC(NCC5CC5)=NC=C4)S2,0.002,2019
Alexios,CN(CC1)CCC1C2=NC(C3=CC=C(F)C=C3)=C(C4=NC(NC5=CC=C(N6CCNCC6)C=C5)=NC=C4)S2,0.002,2019
Alexios,FC(C=C1)=CC=C1C2=C(C3=NC(NC4=CC=C(N5CCN(C)CC5)C=C4)=NC=C3)SC(C6CCNCC6)=N2,0.0006,2019
Alexios,FC(C=C1)=CC=C1C2=C(C3=NC(NC4=CC=C(N5CCNCC5)C=C4)=NC=C3)SC(N6CCOCC6)=N2,0.0036,2019
Alexios,FC(C=C1)=CC=C1C2=C(C3=NC(NC4=CC=C(N5CCNCC5)C=C4)=NC=C3)SC(N6CCCC6)=N2,0.002,2019
Alexios,NC1=NC(C2=CC=C(F)C=C2)=C(C3=NC(NC4=CC=C(N5CCN(C)CC5)C=C4)=NC=C3)S1,0.0033,2019
Alexios,NC1=NC(C2=CC=C(F)C=C2)=C(C3=NC(NC4=CC=C(N5CCNCC5)C=C4)=NC=C3)S1,0.0013,2019
Alexios,NC1=NC(C2=CC=C(F)C=C2)=C(C3=NC(NC4=CC=C(N5CCOCC5)C=C4)=NC=C3)S1,0.0162,2019
Alexios,FC(C=C1)=CC=C1C2=C(C3=NC(NC4=CC=C(N5CCNCC5)C=C4)=NC=C3)SC(NC(C)=O)=N2,0.0017,2019
Alexios,FC(C=C1)=CC=C1C2=C(C3=NC(NC4=CC=C(N5CCNCC5)C=C4)=NC=C3)SC(NC(C6CC6)=O)=N2,0.0339,2019
Alexios,O=C(C1CCN(C)CC1)NC(S2)=NC(C3=CC=C(F)C=C3)=C2C4=NC(NC5=CC=C(N6CCNCC6)C=C5)=NC=C4,0.0048,2019
Alexios,FC(C=C1)=CC=C1C(N=C(NS(=O)(CCC)=O)S2)=C2C3=NC(NC4=CC=C(N5CCNCC5)C=C4)=NC=C3,0.0017,2019
Alexios,FC(C=C1)=CC=C1C(N=C(C2CCNCC2)S3)=C3C4=NC(NC5=NN=CS5)=NC=C4,0.0038,2019
Alexios,FC(C=C1)=CC=C1C(N=C(C2CCNCC2)S3)=C3C4=NC(NC5=NN=C(C)S5)=NC=C4,0.0036,2019
Alexios,FC(C=C1)=CC=C1C(N=C(C2CCNCC2)S3)=C3C4=NC(NC5=NC(C)=CS5)=NC=C4,0.0023,2019
Alexios,FC(C=C1)=CC=C1C(N=C(C2CCNCC2)S3)=C3C4=NC(NC5=CC(C)=NO5)=NC=C4,0.003,2019
Alexios,FC(C=C1)=CC=C1C(N=C(C2CCNCC2)S3)=C3C4=NC(NC5=NN(C)C(C)=C5)=NC=C4,0.0017,2019
Alexios,FC(C=C1)=CC=C1C(N=C(C2CCNCC2)S3)=C3C4=NC(NC5=CC=CC=N5)=NC=C4,0.0056,2019
Alexios,FC(C=C1)=CC=C1C(N=C(C2CCNCC2)S3)=C3C4=NC(NC5=NC=CN=C5)=NC=C4,0.005,2019
Alexios,FC(C=C1)=CC=C1C(N=C(C2CCNCC2)S3)=C3C4=NC(NC5=NN=CC=C5)=NC=C4,0.0043,2019
Alexios,FC(C=C1)=CC=C1C(N=C(C2CCNCC2)S3)=C3C4=NC(NC5=NC=NC=C5)=NC=C4,0.0117,2019
Alexios,FC(C=C1)=CC=C1C(N=C(C2CCNCC2)O3)=C3C4=NC(NC5=CC=NC=N5)=NC=C4,0.0891,2019
Alexios,FC(C=C1)=CC=C1C(N=C(C2CCNCC2)S3)=C3C4=NC(NC5=CC(C)=NC=C5)=NC=C4,0.0044,2019
Alexios,FC(C=C1)=CC=C1C(N=C(C2CCNCC2)S3)=C3C4=NC(NC5=CC(C)=NC(C)=C5)=NC=C4,0.01,2019
Alexios,FC(C=C1)=CC=C1C(N=C(C2CCNCC2)S3)=C3C4=NC(NC5=CC=C(F)C(C)=N5)=NC=C4,0.0102,2019
Alexios,FC(C=C1)=CC=C1C(N=C(C2CCNCC2)S3)=C3C4=NC(NC5=CC(CC)=C(F)C(C)=N5)=NC=C4,0.0017,2019
Alexios,FC(C=C1)=CC=C1C(N=C(C2CCNCC2)S3)=C3C4=NC(NC5=CC(C6CC6)=C(F)C(C)=N5)=NC=C4,0.0017,2019
Alexios,FC(C=C1)=CC=C1C(N=C(C2CCNCC2)S3)=C3C4=NC(NC5=CC(C6CCC6)=C(F)C(C)=N5)=NC=C4,0.0525,2019
Alexios,FC(C=C1)=CC=C1C(N=C(C2CCNCC2)S3)=C3C4=NC(NCCN5CCOCC5)=NC=C4,0.0447,2019
Alexios,FC(C=C1)=CC=C1C(N=C(C2CCNCC2)S3)=C3C4=NC(NCCN5CCSCC5)=NC=C4,0.0126,2019
Alexios,FC(C=C1)=CC=C1C(N=C(C2CCNCC2)S3)=C3C4=NC(N5CCC(N6CCOCC6)CC5)=NC=C4,0.001,2019
Alexios,FC(C=C1)=CC=C1C(N=C(C2CCNCC2)S3)=C3C4=NC(N5CCC(CN6CCOCC6)CC5)=NC=C4,0.001,2019
Rammohan,CC1=CN(C2=CC=NC(N[C@@H]3CN(C(CC4=CN=CS4)=O)CC3)=N2)C(C5=CC=CC=C5)=N1,0.32,2021
Rammohan,CC1=CN(C2=CC=NC(N[C@@H]3CN(C(CC4=NN(C)C=C4)=O)CC3)=N2)C(C5=CC=CC=C5)=N1,1,2021
Rammohan,FC1=CC=C(C2=C(C3=CC=NC=C3)NC(C4CCN(C)CC4)=C2)C=C1,0.022,2021
Rammohan,O=C(C1=NC=CS1)N(CC2)C[C@@H]2NC3=NC(N(C(C4=CC=CC=C4)=N5)C=C5C6CC6)=CC=N3,0.1,2021
Rammohan,O=C(C1=NC=CS1)N(CC2)C[C@@H]2NC3=NC(N(C(C4=CC=CC(Cl)=C4)=N5)C=C5C6CC6)=CC=N3,0.06,2021
Rammohan,CC1=CN(C2=CC=NC(N[C@H]3CN(C(C4=NC=CS4)=O)CC3)=N2)C(C5=CC=CC(OC)=C5)=N1,0.086,2021
Rammohan,CC1=CN(C2=CC=NC(N[C@H]3CN(C(C4=NC=CS4)=O)CC3)=N2)C(C5=CC=C(Cl)C=C5)=N1,1.16,2021
Rammohan,CC1=CN(C2=CC=NC(N[C@H]3CN(C(C4=NC=CS4)=O)CC3)=N2)C(C5=CC=CC(OC(F)(F)F)=C5)=N1,0.15,2021
EckT,FC(C=C1)=CC=C1C2=C(C3=CC=NC=C3)C=C(C4CCN(C)CC4)N2,0.031,2022
EckT,O=C(C1=NC=CS1)N(C2)CC[C@H]2NC3=NC=CC(C4=C(CS(=O)(C)=O)ON=C4C5=CC(Cl)=CC=C5)=N3,0.014,2022
EckT,O=S(CC1=C(C(C2=CC(Cl)=CC=C2)=NO1)C3=NC(N[C@@H]4CCN(CC5=NC=CS5)C4)=NC=C3)(C)=O,0.792,2022
EckT,O=C(C1=NN(C)C=C1)N(C2)CC[C@H]2NC3=NC=CC(C4=C(CN(CC)CC)ON=C4C5=CC(Cl)=CC=C5)=N3,0.021,2022
EckT,CN(CCC)CC1=C(C(C2=CC(Cl)=CC=C2)=NO1)C3=NC(N[C@@H]4CCN(C(C5=NN(C)C=C5)=O)C4)=NC=C3,0.024,2022
GreenJL,CC(C)CCNC(N=C1)=CC=C1C2=CN=C3N2N=C(NC4CCC(N)CC4)C=C3,0.109,2016
GreenJL,CN(CC1)CCC1NC(C=C2)=NN3C2=NC=C3C4=CC(F)=C(NC5=NC=CC=C5)C(F)=C4,0.069,2016
GreenJL,CN(CC1)CCC1NC(C=C2)=NN3C2=NC=C3C4=CC(F)=C(NC5=NC=CC=C5F)C(F)=C4,0.237,2016
GreenJL,NC(CC1)CCC1NC(C=C2)=NN3C2=NC=C3C4=CC=C(NC5=NC=CC=C5F)C=C4,0.048,2016
GreenJL,CC(C)CCNC(N=C1)=CC=C1C2=CN=C3N2N=C(NC4CCNCC4)C=C3,0.256,2016
GreenJL,FC1=CC=CN=C1NC(C=C2)=CC=C2C3=CN=C4N3N=C(NC5CCNCC5)C=C4,0.162,2016
GreenJL,CN(CC1)CCC1NC(C=C2)=NN3C2=NC=C3C4=CN=C(NC5=NC=CN=C5)C(F)=C4,0.249,2016
GreenJL,CN(CC1)CCC1NC(C=C2)=NN3C2=NC=C3C4=CC=C(NC5=NC=CC=C5)C(F)=C4,0.088,2016
GreenJL,CN(CC1)CCC1NC(C=C2)=NN3C2=NC=C3C4=CN=C(NC5=NC=CC=C5F)C=C4,0.118,2016
GreenJL,CN(CC1)CCC1NC(C=C2)=NN3C2=NC=C3C4=CC=C(NC5=NC=CC=C5F)C=C4,0.404,2016
GreenJL,FC1=CC(C2=CN=C3N2N=C(NC4CCNCC4)C=C3)=CC=C1NC5=NC=CC=C5,0.087,2016
GreenJL,CN(CC1)CCC1NC(C=C2)=NN3C2=NC=C3C4=CN=C(NCCC(C)C)N=C4,0.16,2016
GreenJL,FC1=CC=CN=C1NC(C=C2)=NC=C2C3=CN=C4N3N=C(NC5CCNCC5)C=C4,0.062,2016
GreenJL,FC1=CC(C2=CN=C3N2N=C(NC4CCNCC4)C=C3)=CN=C1NC5=NC=CC=C5,0.054,2016
GreenJL,C(C=C1)(NC2CCNCC2)=NN3C1=NC=C3C4=CN=C(NC5=NC=CC=C5)N=C4,0.02,2016
GreenJL,FC1=CC(C2=CN=C3N2N=C(NC4CCNCC4)C=C3)=CN=C1NC5=CN=CC=N5,0.101,2016
GreenJL,FC1=CC=CN=C1NC(N=C2)=NC=C2C3=CN=C4N3N=C(NC5CCC(N6CCNCC6)CC5)C=C4,0.003,2016
GreenJL,CC(C)CCNC(N=C1)=NC=C1C2=CN=C3N2N=C(NC4CCNCC4)C=C3,0.093,2016
GreenJL,CC(C)CCNC(N=C1)=NC=C1C2=CN=C3N2N=C(NC4CCN(C)CC4)C=C3,0.287,2016
GreenJL,FC1=CC=CN=C1NC(N=C2)=NC=C2C3=CN=C4N3N=C(NC5CCNCC5)C=C4,0.007,2016
GreenJL,FC1=CC=CN=C1NC(N=C2)=NC=C2C3=CN=C4N3N=C(NC5CCN(C)CC5)C=C4,0.005,2016
GreenJL,FC1=CC=CN=C1NC(N=C2)=NC=C2C3=CN=C4N3N=C(N5CC(N(C)C)CC5)C=C4,0.05,2016
GreenJL,FC1=CC=CN=C1NC(N=C2)=NC=C2C3=CN=C4N3N=C(NC5CCC(N)CC5)C=C4,0.002,2016
GreenJL,NC(CC1)CCC1NC(C=C2)=NN3C2=NC=C3C4=CN=C(NCCC(C)C)N=C4,0.044,2016
GreenJL,FC1=CC=CN=C1NC(N=C2)=NC=C2C3=CN=C4N3N=C(NCC5CCN(C)CC5)C=C4,0.004,2016
GreenJL,FC1=CC=CN=C1NC(N=C2)=NC=C2C3=CN=C4N3N=C(NC5CCC(N6CCCC6)CC5)C=C4,0.002,2016
GreenJL,C(C=C1)(NC2CCNCC2)=NN3C1=NC=C3C4=CN=C(NC5=CN=CC=N5)N=C4,0.034,2016
GreenJL,FC1=CC=NC=C1NC(N=C2)=NC=C2C3=CN=C4N3N=C(NC5CCC(N6CCOCC6)CC5)C=C4,0.013,2016
GreenJL,CN(CC1)CCC1NC(C=C2)=NN3C2=NC=C3C4=CC=C(NCCC(C)C)N=C4,0.484,2016
GreenJL,NC(CC1)CCC1NC(C=C2)=NN3C2=NC=C3C4=CN=C(NC5=CC=CC=N5)C(F)=C4,0.012,2016
GreenJL,CN(C1)CCC1NC(C=C2)=NN3C2=NC=C3C4=CC=C(NCCC(C)C)N=C4,1,2016
Penzo,FC1=CC=C(C2=C(C3=NC(N)=NC=C3)N(C4CCNCC4)C=N2)C=C1,0.066,2019
Penzo,CC(C)SC1=NC(C2=CC=C(OC)C=C2)=C(C3=CC=NC=C3)N1,0.002,2019
Penzo,CC(CNS(C)(=O)=O)(C)C1=NC(C2=CC=C(Cl)C(O)=C2)=C(C3=CC=NC=C3)N1,0.009,2019
Penzo,CC(NS(C)(=O)=O)(C)C1=NC(C2=CC=C(Cl)C(O)=C2)=C(C3=CC=NC=C3)N1,0.006,2019
Penzo,CC(C1=NC(C2=CC=C(Cl)C(O)=C2)=C(C3=CC=NC=C3)N1)(C)CNCC4=NC=CS4,0.011,2019
Penzo,O=S(C1=COC=C1)(NC2=CC=CC(C3=C(C4=CC=NC(N)=N4)NC(C5CCOCC5)=N3)=C2F)=O,0.005,2019
Penzo,OC(C(C=C1)=CC=C1C2=NC(C3=CC=CC(O)=C3)=C(C4=CC=NC=C4)N2)=O,0.051,2019
Penzo,FC1=CC=C(C2=C(C3=CC=NC(N)=N3)N([C@H]4CC[C@H](O)CC4)C=N2)C=C1,0.08,2019
Penzo,ClC1=CC=C(C=C1O)C2=C(C3=CC=NC=C3)NC(C(C)(C)CNC(C)=O)=N2,0.002,2019
Penzo,ClC1=CC=C(C=C1O)C2=C(C3=CC=NC=C3)NC(C(C)(C)NC(C4=CC=CN=C4)=O)=N2,0.075,2019
Penzo,CC(CNCC1CCN(CCOC)CC1)(C)C2=NC(C3=CC=C(Cl)C(O)=C3)=C(C4=CC=NC=C4)N2,0.02,2019
Penzo,CC(CN1CCCCC1)(C)C2=NC(C3=NC(N)=NC=C3)=C(C4=CC=C(Cl)C(O)=C4)N2,0.014,2019
Penzo,CC(CN)(C)C1=NC(C2=CC=C(Cl)C(OC)=C2)=C(C3=CC=NC=C3)N1,0.002,2019
Penzo,CC(C)C1=NC(C2=CC=NC(NCCO)=N2)=C(C3=CC(C(F)(F)F)=CC=C3)N1,0.251,2019
Penzo,OC(C(C=C1)=CC=C1C2=NC(C3=CC=C(F)C=C3)=C(C4=CC=NC=C4)N2)=O,0.122,2019
Penzo,CC(C)C[C@@H](CO)N1C(C2=CC=NC(NC)=N2)=C(C3=CC=C(F)C=C3)N=C1,0.26,2019
Penzo,NCC(C)(C)C1=NC(C2=CC=C(Cl)C(Cl)=C2)=C(C3=CC=NC=C3)N1,0.008,2019
Penzo,CC(C1=NC(C2=CC=C(Cl)C(Cl)=C2)=C(C3=CC=NC=C3)N1)(C)C(N4CCCC4)=O,0.05,2019
Penzo,BrC1=C(C=C(O)C=C1)C(N=C(C2=CC=C(CN)C=C2)N3)=C3C4=CC=NC=C4,0.006,2019
Penzo,FC1=CC=C(C=C1)C2=C(C3=CC=NC=C3)NC(C4=C(S(C)=O)C=CC=C4)=N2,0.011,2019
Penzo,FC(F)(F)C1=CC=C(C=C1)C2=C(C3=CC=NC=C3)N(CC4CC4)C=N2,0.479,2019
Penzo,N#CC(C=C1)=CC=C1C2=NC(C3=CC=NC=C3)=C(C4=CC=CC=N4)N2,0.989,2019
Penzo,N#CC(C=C1)=CC=C1C2=NC(C3=CC=NC=C3)=C(C4=CC=NC=C4)N2,0.617,2019
Penzo,CCN1C=C(C2=CC=NC=N2)C(C3=CC(NS(C4=C(F)C=CC(F)=C4)(=O)=O)=CC=C3)=N1,0.041,2019
Penzo,NC1=C(C2=CC3=C(OCO3)C=C2)C(C4=CC=NC=C4)=NN1,0.072,2019
Penzo,CC(C)(C)CN1N=C(C2=CC=C3SC=NC3=C2)C(C(N)=O)=C1N,0.094,2019
Penzo,OC(C1=CC=CN=C1)C2=CC3=CC=C(C4=NN(CC)C(NC)=C4C(N)=O)C=C3N2,0.053,2019
Penzo,FC(F)(F)C1=CC(C2=NNC=C2C3=CC=NC=C3)=CC=C1,0.023,2019
Penzo,OCC1=CC2=C(C3=CC=NC=C3)C(C4=CC=C(F)C=C4)=NN2C=C1,0.072,2019
Penzo,NC(C1=C(N)N(C(C)(C)C)N=C1C2=CC=C(OC)C=C2)=O,0.254,2019
Penzo,CC(CO)NC1=NC=CC(C(C(C2=CC=CC=C2)=N3)=C4N3CCOC4)=N1,0.363,2019
Penzo,C1(C2=CNN=C2C3=CC=CN=C3)=CC=NC=C1,0.733,2019
Penzo,COC1=CC=C(C=C1)C2=NNC=C2C3=CC=NC=N3,0.272,2019
Penzo,FC1=CC=C(C(F)=C1)N(C(N)=C2C(N)=O)N=C2C3=CC=C4OCOC4=C3,0.398,2019
Penzo,NC(C1=C(NCC(C)C)NN=C1C(C=C2)=CC3=C2SC=N3)=O,0.417,2019
Penzo,CC(COC1=CC=C(C2=NN(C(C)CC)C(NC)=C2C(N)=O)C=C1)C,0.457,2019
Penzo,CC(C)(C)N1C(N)=C(C(N)=O)C(C2=CC3=C(C=CN3)C=C2)=N1,0.209,2019
Penzo,NC(C1=C(N(C2=CC=CC(F)=C2)N=C1C3=CC4=C(SC=N4)C=C3)NC)=O,0.432,2019
Penzo,OC(C1=CC=CC(C2=NN3C(C=CC=C3)=C2C4=CC=NC=C4)=C1)=O,0.468,2019
Penzo,NC1=NC(C2=C(F)C(NS(C3=C(F)C=CC=C3F)(=O)=O)=CC=C2)=C(C4=CC=NC(N)=N4)S1,0.068,2019
Penzo,NC(CC1=NC(C2=CC=CC=C2)=C(C3=NC(NC4=C(C)C=CC(S(C)(=O)=O)=C4)=NC=C3)S1)=O,0.013,2019
Penzo,CC(C)(C)C1=NC(C2=C(F)C(NS(CC(F)(F)F)(=O)=O)=CC=C2)=C(C3=NC(N)=NC=C3)S1,0.032,2019
Penzo,FC1=CC=C(C2=C(C3=NC(N[C@@H]4CC[C@@H](O)CC4)=NC=C3)SC(C5CCOCC5)=N2)C=C1F,0.068,2019
Penzo,CC(C)C1=NC(C2=CC(NC3COCC3)=CC=C2)=C(C4=CC=NC(N)=N4)S1,0.025,2019
Penzo,CC(CN)(C)C1=CC(C2=CC(O)=C(Cl)C=C2)=C(C3=CC=NC=C3)O1,0.002,2019
Penzo,NS(C1=CC=CC(C2=C(C3=CC=NC=C3)OC(C4=CC=C(OCCN(C)C)C=C4)=C2)=C1)(=O)=O,0.003,2019
Penzo,CN(CCNC(C1=CC(C2=CC(O)=CC=C2)=C(C3=CC=NC=C3)O1)=O)C,0.162,2019
Penzo,CN1CCC(N(CC2=C3C(N=C(C4=NON=C4N)N3CC)=C(C5=CC=CC=C5)N=C2)C)CC1,0.039,2019
Penzo,NCCCNC1=NC(C2=CC=CC=C2)=C3C(N(CNC4=NON=C45)C5=N3)=C1,0.079,2019
Penzo,NC1=NON=C1C2=NC3=C(C4=CNC=C4)N=CC(OCC5CCNCC5)=C3N2CC,0.022,2019
Penzo,CNS(C1=CC=CC(NC2=NC(NC3=CC=CC(S(NC)(=O)=O)=C3)=NC=C2)=C1)(=O)=O,0.07,2019
Penzo,CNS(C(C=C1)=CC=C1NC2=NC(NC3=C4C(NN=C4)=CC=C3)=CC=N2)(=O)=O,0.082,2019
Penzo,CN(CC1)CCN1C(C2=CC(C(O3)=C(C4=CC=C(OC)C=C4)C5=C3N=CN=C5N)=CC=C2)=O,0.01,2019
Penzo,NC1=C2C(OC(C(NCCN(C)C)=O)=C2C3=CC=C(OC)C=C3)=NC=N1,0.11,2019
Penzo,O=C(NC1=CC(OC)=CC=C1OC)C(C)SC2=NC=NC3=C2N=CN3,0.347,2019
Penzo,COC1=C(OC)C=CC(CCNC(CSC2=C3C(NN=C3)=NC=N2)=O)=C1,0.104,2019
Penzo,CN1CCN(C2=NC(NC3=CC=CC(OC)=C3)=NC(C4=CC=NC=C4)=C2)CC1,0.027,2019
Penzo,N#CCC(C=C1)=CC=C1C2=CC=NC(NC3=CC=C4C=NNC4=C3)=N2,0.092,2019
Penzo,O=C1NC=CC(CCNC2=NC(C3=CC(CN4CCNCC4)=CC=C3)=CC=N2)=C1,0.427,2019
Penzo,NC(C1=CC=C(F)C=C1NC2=NC(NC3=CC=C(CS(C)(=O)=O)C=C3OC)=NC4=C2C=CN4)=O,0.05,2019
Penzo,OC[C@@H](C1=CC=CC=C1)NC(C2=NC3=C(C4=CNN=C4)C=NC=C3C=C2)=O,0.094,2019
Penzo,NCCNCC(S1)=CC=C1C2=C(OC3CCNCC3)C=C4C(C=CN=C4)=C2,0.324,2019
Penzo,CC1=C(C=CO1)C2=NC=C(OCCNC)C=C2C3=CC=C4C(C=CN=C4)=C3,0.007,2019
Penzo,O=C(C1=CC(OCC2=CN=CC=C2)=CC=C1)N3CCC4=C(C=CS4)C3CN5CCCCC5,0.036,2019
Penzo,OC1=CC(C2=C(C3=CC=NC=C3)C4=C(N=C(N)C=C4)N2)=CC=C1Cl,0.022,2019
Penzo,NC1=NC(NC2=C3C(C=NC=C3)=CC=C2)=NN1C(C4CCCCC4)=O,0.09,2019
Penzo,CC(C1=CC=CC(C2=NC(NCCC3=CC=C(S(N)(=O)=O)C=C3)=NC=C2)=C1)N4CCNCC4,0.117,2019
Penzo,ClC1=C(OC)C=CC(C2=C(SC(NC3CC3)=N2)C4=CC=NC(NC5=CC(F)=C(OCCN6CCCC6)C=C5)=N4)=C1,0.00061,2019
Penzo,FC1=C(OCCN2CCCC2)C=CC(NC3=NC(C4=C(C5=CC(C6=CN=NN6)=CC=C5)N=C(NCC)S4)=CC=N3)=C1,0.00092,2019
Penzo,OOC1=C(OCCN(C)C)C=C(NC2=NC(C3=C(C4=CC(Cl)=C(OC)C=C4)N=C(NC5CC5)S3)=CC=N2)C=C1,0.00054,2019
Penzo,CN(C)CCOC1=C(OC)C=CC(NC2=NC(C3=C(C4=CC(OC)=CC(OC)=C4)N=C(NCC)S3)=CC=N2)=C1,0.00063,2019
Penzo,CC1=CC(NC2=NC(C3=C(C4=CC(OC)=CC(OC)=C4)N=C(NCC)S3)=CC=N2)=CC=C1OCCN(C)C,0.00111,2019
Penzo,CCN(CC1)CC1OC(N=C2)=CC=C2NC3=NC(C4=C(C5=CC(OC)=CC(OC)=C5)N=C(NCC)S4)=CC=N3,0.00048,2019
Penzo,CC1=CC(NC2=NC=CC(C3=C(C4=CC(OC)=CC=C4)N=C(NCC)S3)=N2)=CC=C1OCCN(C)C,0.00091,2019
Penzo,CC(C)N1CCC(OC2=C(F)C=C(NC3=NC=CC(C4=C(C5=CC(OC)=CC(OC)=C5)N=C(N)S4)=N3)C=C2)CC1,0.00063,2019
Penzo,COC1=CC(C2=C(SC(NCC)=N2)C3=NC(NC4=CC(OC)=C(C=C4)N5CCN(C(C)C)CC5)=NC=C3)=CC(OC)=C1,0.0009,2019
Penzo,ClC1=CC(NC2=NC(C3=C(C4=CC=CC(O)=C4)N=C(NCC)S3)=CC=N2)=CC=C1OCCN5CCCC5,0.00075,2019
Penzo,FC1=C(OCCN2CCCC2)C=CC(NC3=NC=CC(C4=C(C5=CC(OC)=CC(OC)=C5)C=C(NC)S4)=N3)=C1,0.00037,2019
Penzo,FC1=CC(NC2=NC(C3=C(C4=CC(OC)=CC(OC)=C4)N=C(NCC)S3)=CC=N2)=CC=C1OCCN5CCC5,0.00074,2019
Penzo,COC1=C(OCCN2CCCC2)C=CC(NC3=NC(C4=C(C5=CC(OC)=CC=C5)N=C(NCC)S4)=CC=N3)=C1,0.00057,2019
Penzo,COC1=CC(NC2=NC(C3=C(C4=CC=CC(O)=C4)N=C(NCC)S3)=CC=N2)=CC(OC)=C1OC,0.00019,2019
Penzo,CCNC1=NC(C2=CC=C3C(OCO3)=C2)=C(S1)C4=CC=NC(NC5=CC(F)=C(OCCN6CCCC6)C=C5)=N4,0.00054,2019
Penzo,FC1=C(OC2CCNCC2)C=CC(NC3=NC=CC(C4=C(C5=CC(OC)=CC(OC)=C5)N=C(NCC)S4)=N3)=C1,0.00065,2019
Penzo,CN(CC1)CCN1C2=CC=C(NC3=NC(C4=C(C5=CC=C6C(OCO6)=C5)N=C(NCC)S4)=CC=N3)C=C2F,0.00079,2019
Penzo,CN(CC1)CCN1C2=CC=C(NC3=NC(C4=C(C5=CC=CC(S(C)(=O)=O)=C5)N=C(NCC)S4)=CC=N3)C=C2F,0.00082,2019
Penzo,CN(CC1)CCN1C2=CC=C(NC3=NC(C4=C(C5=CC=NC(OC)=C5)N=C(NCC)S4)=CC=N3)C=C2F,0.00062,2019
Penzo,CN(CC1)CCN1C2=C(F)C=C(NC3=NC(C4=C(C5=CC(OC)=C(F)C=C5)N=C(NCC)S4)=CC=N3)C=C2,0.00102,2019
Penzo,CCNC1=NC(C2=CC(OCO3)=C3C=C2)=C(S1)C4=CC=NC(NC5=CC=C(N6CCS(CC6)(=O)=O)N=C5)=N4,0.00052,2019
Penzo,CCNC1=NC(C2=CC(OCO3)=C3C=C2)=C(S1)C4=CC=NC(NC5=CC=C(N6CCN(C(C)=O)CC6)N=C5)=N4,0.00072,2019
Penzo,OCC1=CC(C2=C(SC(C(C)C)=N2)C3=CC=NC(NC4=CC=C(N5CCN(C(C)=O)CC5)N=C4)=N3)=CC=C1,0.00105,2019
Penzo,FC1=C(C2=C(C3=CC=NC(N)=N3)SC(C4CCNCC4)=N2)C=CC=C1NS(C5=COC=C5)(=O)=O,0.00093,2019
Penzo,FC1=C(C2=C(C3=CC=NC(N)=N3)SC(C4(C)CCNCC4)=N2)C=CC=C1NS(C5=COC=C5)(=O)=O,0.00081,2019
Penzo,CCNC1=NC(C2=CC(O)=CC=C2)=C(C3=CC=NC(NC4=CC=C(S(C)(=O)=O)C=C4)=N3)S1,0.00112,2019
Penzo,OC1=CC=CC(C2=C(C3=CC=NC(NC4=CC=CC(S(C)(=O)=O)=C4)=N3)SC(N(C)C)=N2)=C1,0.00086,2019
Penzo,CS(C1=CC=CC(C2=C(C3=CC=NC(NC4=CC(C(N)=O)=CC=C4)=N3)SC(NCC)=N2)=C1)(=O)=O,0.00059,2019
Penzo,NC1=NC(C2=C(C3=CC=CC(NS(C4=COC=C4)(=O)=O)=C3Cl)N=C(N5CCNCC5)S2)=CC=N1,0.0011,2019
Penzo,NCCNC(C1=CC=CC(NC2=NC(C3=C(C4=CC(O)=CC=C4)N=C(N(C)C)S3)=CC=N2)=C1)=O,0.001,2019
Penzo,FC1=CC=C(C=C1)C2=C(C3=NC(NC4=CC=C(N5CCN(C)CC5)C=C4)=NC=C3)SC(C6CCNCC6)=N2,0.0006,2019
Penzo,NC(S1)=NC(C2=CC=C(F)C=C2)=C1C3=NC(NC4=CC=C(N5CCNCC5)C=C4)=NC=C3,0.0009,2019
DeniseJ,CN1CCC(C2=NC(C3=CC=C(F)C=C3)=C(C4=CC=NC(N)=N4)S2)CC1,0.017,2018
DeniseJ,FC1=CC=C(C=C1)C(N=C(C2CCN(C)CC2)S3)=C3C4=CC=NC(NC5=CC=C(N6CCN(C)CC6)C=C5)=N4,0.015,2018
DeniseJ,FC1=CC=C(C=C1)C(N=C(C2CCN(C)CC2)S3)=C3C4=CC=NC(NC)=N4,0.001,2018
DeniseJ,FC1=CC=C(C=C1)C(N=C(C2CCN(C)CC2)S3)=C3C4=CC=NC(NC5=CC=C(N6CCNCC6)C=C5)=N4,0.0007,2018
DeniseJ,FC1=CC=C(C=C1)C(N=C(C2CCN(C)CC2)S3)=C3C4=CC=NC(NC5=CC=C(C6CCNCC6)C=C5)=N4,0.0003,2018
DeniseJ,FC1=CC=C(C=C1)C(N=C(C2CCNCC2)S3)=C3C4=CC=NC(NC5=CC=C(N6CCNCC6)C=C5)=N4,0.0005,2018
DeniseJ,FC1=CC=C(C=C1)C(N=C(C2CCN(C)C2)S3)=C3C4=CC=NC(NC5=CC=C(N6CCN(C)CC6)C=C5)=N4,0.006,2018
DeniseJ,CN(C1)CCC1C(S2)=NC(C)=C2C3=CC=NC(NC4=CC=C(N5CCNCC5)C=C4)=N3,0.149,2018
DeniseJ,CN(C1)CCC1C(S2)=NC(C3CC3)=C2C4=CC=NC(NC5=CC=C(N6CCNCC6)C=C5)=N4,0.047,2018
DeniseJ,CN(C1)CCC1C(S2)=NC(C3=CC(S(=O)(C)=O)=CC=C3)=C2C4=CC=NC(NC5=CC=C(N6CCNCC6)C=C5)=N4,0.0009,2018
DeniseJ,NC1=NC(C2=C(C3=CC(S(=O)(C)=O)=CC=C3)N=C(C4CCN(C)C4)S2)=CC=N1,0.033,2018
DeniseJ,CN(C1)CCC1C(S2)=NC(C3=CC(S(=O)(C)=O)=CC=C3)=C2C4=CC=NC(NC5CCOCC5)=N4,0.009,2018
DeniseJ,CN(C1)CCC1C(S2)=NC(C3=CC(S(=O)(C)=O)=CC=C3)=C2C4=CC=NC(NC5CC5)=N4,0.017,2018
DeniseJ,CN(C1)CCC1C(S2)=NC(C3=CC(S(=O)(C)=O)=CC=C3)=C2C4=CC=NC(NCC5CC5)=N4,0.006,2018
DeniseJ,CN(C1)CCC1C(S2)=NC(C3=CC=C(F)C(NS(=O)(C)=O)=C3)=C2C4=CC=NC(NCC5CC5)=N4,0.002,2018
Baker,FC(C=C1)=CC=C1C2=C(C3=NC(N)=NC=C3)N4C=CC(CN(C)C)=CC4=N2,0.0031,2017
Baker,FC(C=C1)=CC=C1C2=C(C3=NC(NC4=CC=C(N5CCNCC5)C=C4)=NC=C3)N6C=CC=CC6=N2,0.00171,2017
Baker,FC(C=C1)=CC=C1C2=C(C3=NC(NC4=CC=C(N5CCNCC5)C=C4)=NC=C3)N6C=C([H])C(CN(C)C)=CC6=N2,0.00079,2017
Baker,FC(C=C1)=CC=C1C2=C(C3=NC(NC4=CC=C(N5CCNCC5)C=C4)=NC=C3)N6C=C(C)C(CN(C)C)=CC6=N2,0.00045,2017
Baker,CN(C)CC1=CC2=NC(C3=CC=CC(S(C)(=O)=O)=C3)=C(C4=NC(N[H])=NC=C4)N2C=C1,0.00088,2017
Baker,CN(C)CC1=CC2=NC(C3=CC=CC(S(C)(=O)=O)=C3)=C(C4=NC(NC5CC5)=NC=C4)N2C=C1,0.00013,2017
Baker,NC1=NC=CC(C2=C(C3=CC=CC(NS(C)(=O)=O)=C3)N=C4N2C=CC(CN(C)C)=C4)=N1,0.00434,2017
Baker,CN(C)CC1=CC2=NC(C3=CC=C(F)C(NS(C)(=O)=O)=C3)=C(C4=NC(N[H])=NC=C4)N2C=C1[H],0.00079,2017
Baker,CN(C)CC1=CC2=NC(C3=CC=C(F)C(NS(C)(=O)=O)=C3)=C(C4=NC(N[H])=NC=C4)N2C=C1C,0.00119,2017
Baker,CN(C)CC1=CC2=NC(C3=CC=C(F)C(NS(C)(=O)=O)=C3)=C(C4=NC(NCC5CC5)=NC=C4)N2C=C1[H],0.00016,2017
carmen,CN(CC1)CCC1C2=CC(C3=CC=NC=C3)=C(C4=CC=C(F)C=C4)N2,0.0035,2005
